order_id,customer_id,order_date,status,region_code
1,558,2024-12-04 17:09:35,CANCELLED,SOUTH
2,159,2025-02-05 01:14:30,CANCELLED,NORTH
3,,2024-10-25 18:58:36,DELIVERED,NORTH
4,69,2024-08-19 08:51:03,DELIVERED,NORTH
5,46,2025-06-17 01:20:46,DELIVERED,NORTH
6,297,2024-10-05 21:05:13,DELIVERED,EAST
7,329,2024-12-02 00:06:20,SHIPPED,CENTRAL
8,308,2024-11-15 20:37:13,RETURNED,SOUTH
9,438,2025-06-29 17:48:26,RETURNED,WEST
10,327,2025-05-18 20:12:48,DELIVERED,SOUTH
11,485,2024-04-20 03:58:21,DELIVERED,SOUTH
12,60,2025-06-15 19:38:02,DELIVERED,CENTRAL
13,249,2024-10-28 00:43:54,DELIVERED,WEST
14,95,2025-03-31 00:29:06,SHIPPED,EAST
15,41,2023-10-23 12:47:53,DELIVERED,CENTRAL
16,214,2025-01-20 07:27:08,RETURNED,SOUTH
17,121,2025-06-12 01:25:08,DELIVERED,SOUTH
18,210,2024-10-13 01:45:26,DELIVERED,EAST
19,547,2024-11-06 21:02:32,DELIVERED,CENTRAL
20,478,2025-01-19 03:32:51,DELIVERED,EAST
21,380,2025-03-05 12:38:40,DELIVERED,SOUTH
22,17,2025-03-10 06:35:27,DELIVERED,WEST
23,201,2024-03-04 05:08:04,DELIVERED,SOUTH
24,346,2024-05-04 20:55:06,DELIVERED,WEST
25,361,2025-04-09 20:50:07,DELIVERED,SOUTH
26,556,2025-04-14 12:11:43,DELIVERED,NORTH
27,50,14-01-2025 16:18:31,SHIPPED,SOUTH
28,155,2025-05-31 10:39:02,DELIVERED,NORTH
29,495,2025-05-29 00:14:37,PLACED,CENTRAL
30,18,2025-05-03 19:15:54,DELIVERED,EAST
31,,2025-02-21 14:20:57,DELIVERED,SOUTH
32,99,2025-05-25 15:37:34,SHIPPED,CENTRAL
33,363,2024-06-12 15:17:39,PLACED,WEST
34,250,2025-04-20 13:25:37,DELIVERED,NORTH
35,33,2024-08-28 07:29:16,DELIVERED,WEST
36,10,2024-05-14 02:49:17,CANCELLED,EAST
37,98,2025-03-16 05:36:02,SHIPPED,CENTRAL
38,48,2023-11-23 17:56:53,DELIVERED,CENTRAL
39,34,2025-05-15 09:55:34,DELIVERED,SOUTH
40,408,2023-11-07 18:13:07,DELIVERED,CENTRAL
41,399,2025-06-28 13:27:00,DELIVERED,SOUTH
42,81,2024-12-23 23:27:19,DELIVERED,NORTH
43,78,2025-05-03 01:38:19,DELIVERED,CENTRAL
44,335,2025-03-29 18:03:56,DELIVERED,WEST
45,365,2025-06-12 18:41:06,DELIVERED,CENTRAL
46,88,2025-03-06 18:14:37,DELIVERED,NORTH
47,158,2024-09-01 03:42:47,DELIVERED,WEST
48,110,30-04-2025 21:15:29,DELIVERED,EAST
49,105,2024-01-11 22:06:34,DELIVERED,CENTRAL
50,418,19-06-2025 06:05:10,DELIVERED,NORTH
51,333,26-06-2025 16:12:31,DELIVERED,NORTH
52,573,2025-01-05 06:31:27,SHIPPED,WEST
53,276,2024-07-19 21:29:37,SHIPPED,SOUTH
54,432,2025-03-11 09:53:36,PLACED,EAST
55,508,2025-05-18 05:21:12,DELIVERED,SOUTH
56,406,2024-06-07 00:58:39,DELIVERED,EAST
57,441,2025-06-10 20:08:36,DELIVERED,SOUTH
58,182,2024-11-06 07:43:25,DELIVERED,WEST
59,249,2024-11-24 13:28:47,CANCELLED,WEST
60,578,2024-11-04 04:32:34,DELIVERED,CENTRAL
61,,2024-12-16 20:14:22,DELIVERED,WEST
62,71,2025-03-13 18:57:07,SHIPPED,EAST
63,158,2025-05-19 12:58:21,DELIVERED,WEST
64,491,2025-04-18 05:48:54,DELIVERED,WEST
65,369,2025-04-01 00:39:10,RETURNED,NORTH
66,364,2025-01-11 14:23:13,PLACED,WEST
67,340,2025-04-19 10:49:22,PLACED,EAST
68,532,2025-06-26 18:31:38,DELIVERED,WEST
69,475,2025-06-21 11:50:38,DELIVERED,SOUTH
70,26,2025-05-19 11:45:09,DELIVERED,NORTH
71,146,2024-07-22 13:19:00,DELIVERED,SOUTH
72,357,2025-05-28 22:09:23,DELIVERED,WEST
73,308,2024-08-18 08:28:34,SHIPPED,EAST
74,169,2025-02-24 17:26:00,DELIVERED,EAST
75,474,2025-06-11 15:03:56,DELIVERED,SOUTH
76,443,30-03-2025 19:32:51,DELIVERED,SOUTH
77,440,17-06-2024 00:25:27,SHIPPED,EAST
78,65,2025-02-15 10:32:42,CANCELLED,SOUTH
79,202,2025-05-18 10:10:11,DELIVERED,WEST
80,321,2025-05-22 16:20:34,DELIVERED,NORTH
81,469,2024-11-16 12:28:28,DELIVERED,EAST
82,87,2025-03-04 01:02:24,SHIPPED,EAST
83,383,2025-06-20 07:17:49,DELIVERED,CENTRAL
84,393,2025-05-30 03:30:13,DELIVERED,SOUTH
85,502,2024-03-16 08:16:13,DELIVERED,WEST
86,368,22-06-2025 19:54:18,SHIPPED,WEST
87,518,2024-12-31 06:06:09,DELIVERED,WEST
88,455,2025-02-19 19:00:34,DELIVERED,SOUTH
89,282,2025-05-26 21:57:41,SHIPPED,WEST
90,508,2025-04-13 23:38:19,DELIVERED,EAST
91,376,2025-06-26 13:52:53,PLACED,WEST
92,436,2024-09-18 18:35:25,DELIVERED,SOUTH
93,34,2025-06-10 15:57:08,CANCELLED,NORTH
94,121,2025-06-23 05:24:39,SHIPPED,CENTRAL
95,439,2025-06-24 00:20:44,DELIVERED,SOUTH
96,584,2025-04-04 05:50:14,DELIVERED,SOUTH
97,300,2024-10-24 08:46:52,RETURNED,CENTRAL
98,98,2024-05-15 07:33:37,DELIVERED,NORTH
99,130,2025-06-22 01:13:16,SHIPPED,EAST
100,403,2025-05-07 01:02:34,DELIVERED,WEST
101,78,2025-05-31 12:27:34,DELIVERED,WEST
102,285,2025-01-22 14:12:50,DELIVERED,WEST
103,3,2024-12-13 04:08:35,DELIVERED,EAST
104,548,2025-05-10 10:58:50,DELIVERED,SOUTH
105,331,2024-12-26 06:33:29,DELIVERED,CENTRAL
106,352,06-06-2025 08:24:03,DELIVERED,WEST
107,,2025-05-22 21:53:04,DELIVERED,NORTH
108,439,2025-06-24 10:55:46,RETURNED,EAST
109,281,2024-04-06 11:59:00,DELIVERED,EAST
110,170,2023-11-02 05:23:05,DELIVERED,SOUTH
111,94,05-06-2025 14:53:49,DELIVERED,SOUTH
112,532,2025-06-28 06:03:33,PLACED,EAST
113,433,2025-04-02 15:58:51,SHIPPED,NORTH
114,105,2023-12-20 03:48:57,CANCELLED,SOUTH
115,137,2025-03-10 07:50:46,SHIPPED,CENTRAL
116,169,2025-05-11 22:01:26,SHIPPED,SOUTH
117,454,2024-07-15 17:44:03,SHIPPED,NORTH
118,394,2025-06-17 12:47:03,DELIVERED,SOUTH
119,87,2024-04-08 18:10:07,DELIVERED,CENTRAL
120,28,2025-06-26 09:33:56,SHIPPED,CENTRAL
121,402,2025-03-30 09:19:32,DELIVERED,SOUTH
122,116,2024-08-20 06:05:22,DELIVERED,CENTRAL
123,13,2025-04-27 02:50:22,SHIPPED,CENTRAL
124,560,2025-06-26 10:57:45,DELIVERED,NORTH
125,,23-07-2023 10:53:54,SHIPPED,NORTH
126,408,2024-10-06 11:54:22,DELIVERED,WEST
127,412,2023-09-13 00:33:56,DELIVERED,SOUTH
128,318,2025-03-14 08:16:01,SHIPPED,SOUTH
129,401,2025-05-24 17:59:25,CANCELLED,NORTH
130,448,2024-07-02 08:31:24,PLACED,WEST
131,57,2024-08-19 05:35:04,DELIVERED,SOUTH
132,141,23-02-2025 20:54:02,DELIVERED,EAST
133,266,2025-02-24 10:06:13,DELIVERED,EAST
134,121,2025-06-21 14:15:05,DELIVERED,WEST
135,66,2024-09-03 05:44:12,DELIVERED,NORTH
136,524,2024-11-29 20:35:52,CANCELLED,SOUTH
137,262,2024-12-24 23:08:35,DELIVERED,NORTH
138,522,17-01-2024 23:52:49,CANCELLED,SOUTH
139,,2024-03-09 17:00:49,SHIPPED,NORTH
140,430,2025-01-30 14:19:01,DELIVERED,EAST
141,80,2025-06-28 22:28:18,DELIVERED,NORTH
142,529,2024-11-24 20:05:07,PLACED,WEST
143,319,2024-12-29 02:39:56,DELIVERED,EAST
144,578,2025-01-24 01:16:48,SHIPPED,EAST
145,506,2025-06-21 00:38:19,DELIVERED,CENTRAL
146,252,03-11-2024 11:22:49,DELIVERED,SOUTH
147,10,18-09-2024 05:10:35,DELIVERED,EAST
148,543,2025-06-16 13:29:07,RETURNED,SOUTH
149,96,2024-11-09 01:10:48,CANCELLED,CENTRAL
150,382,2024-08-14 02:16:37,PLACED,NORTH
151,404,2025-01-29 12:44:07,PLACED,SOUTH
152,268,2024-12-29 16:11:30,DELIVERED,EAST
153,279,2025-01-14 17:24:52,SHIPPED,CENTRAL
154,109,2025-06-06 23:30:38,DELIVERED,NORTH
155,213,2025-05-19 12:10:20,DELIVERED,NORTH
156,312,2025-06-29 08:38:58,PLACED,EAST
157,255,2025-06-28 03:48:31,PLACED,EAST
158,179,2025-03-13 00:51:10,CANCELLED,CENTRAL
159,256,2025-06-07 14:21:46,CANCELLED,SOUTH
160,64,2025-03-11 23:15:43,SHIPPED,SOUTH
161,382,2025-02-07 01:17:04,DELIVERED,CENTRAL
162,77,2025-04-12 02:47:53,SHIPPED,WEST
163,95,2025-01-10 18:16:08,RETURNED,NORTH
164,588,2024-07-20 10:37:12,DELIVERED,NORTH
165,437,2024-07-13 05:21:35,RETURNED,EAST
166,153,2024-05-09 21:54:44,DELIVERED,EAST
167,564,2025-05-04 00:26:45,DELIVERED,SOUTH
168,539,2024-11-08 18:13:31,CANCELLED,NORTH
169,368,2025-03-23 03:29:29,DELIVERED,CENTRAL
170,398,2024-10-01 01:17:11,DELIVERED,SOUTH
171,,2025-02-19 16:20:42,PLACED,WEST
172,599,2025-06-12 15:35:37,SHIPPED,SOUTH
173,58,2025-06-28 06:32:44,SHIPPED,WEST
174,178,2025-03-29 04:41:13,DELIVERED,EAST
175,29,2025-06-13 03:28:43,DELIVERED,CENTRAL
176,505,2025-05-11 01:56:06,DELIVERED,NORTH
177,225,2025-03-24 20:52:16,PLACED,CENTRAL
178,134,2025-02-19 16:12:32,RETURNED,EAST
179,152,2025-06-25 22:53:54,SHIPPED,NORTH
180,374,2025-01-14 02:01:18,RETURNED,WEST
181,345,2024-11-11 04:39:18,RETURNED,WEST
182,499,2025-06-23 05:35:50,DELIVERED,CENTRAL
183,366,2025-05-23 16:10:49,CANCELLED,WEST
184,302,2024-01-30 21:56:44,PLACED,CENTRAL
185,582,2024-05-01 03:39:29,DELIVERED,CENTRAL
186,580,2023-09-26 20:45:19,SHIPPED,NORTH
187,328,2025-06-21 00:54:02,RETURNED,EAST
188,272,2024-10-22 10:23:57,PLACED,EAST
189,2,2024-01-14 09:32:01,DELIVERED,SOUTH
190,505,2025-01-04 03:42:50,DELIVERED,WEST
191,592,2025-05-30 19:28:33,SHIPPED,WEST
192,35,02-05-2024 01:29:42,DELIVERED,NORTH
193,175,2025-03-07 15:02:32,PLACED,NORTH
194,495,02-06-2025 09:36:53,RETURNED,SOUTH
195,445,2025-03-27 12:09:24,DELIVERED,SOUTH
196,568,2025-06-17 19:45:56,DELIVERED,EAST
197,99,2024-11-22 06:38:09,DELIVERED,WEST
198,370,2023-09-13 23:07:38,DELIVERED,CENTRAL
199,100,2025-05-23 05:59:03,DELIVERED,NORTH
200,119,2024-03-24 12:07:26,DELIVERED,EAST
201,558,2024-11-20 12:00:52,CANCELLED,EAST
202,46,2025-06-03 13:31:26,DELIVERED,EAST
203,155,2025-06-04 16:40:00,DELIVERED,CENTRAL
204,233,2025-06-07 17:59:09,DELIVERED,CENTRAL
205,549,2025-03-01 15:52:28,DELIVERED,SOUTH
206,81,2024-10-02 15:41:12,DELIVERED,CENTRAL
207,530,2025-04-26 22:37:48,DELIVERED,NORTH
208,460,2024-07-07 06:41:51,SHIPPED,SOUTH
209,130,2025-05-21 01:43:15,RETURNED,WEST
210,152,2025-06-26 18:33:41,RETURNED,NORTH
211,570,2024-07-16 15:14:02,CANCELLED,CENTRAL
212,13,2025-06-16 23:39:37,DELIVERED,NORTH
213,152,2025-06-24 00:15:34,DELIVERED,NORTH
214,577,2025-05-03 17:52:59,DELIVERED,CENTRAL
215,421,2025-05-24 15:28:58,DELIVERED,CENTRAL
216,177,2025-06-13 16:26:25,DELIVERED,WEST
217,,2025-04-21 22:51:54,DELIVERED,NORTH
218,276,13-09-2024 06:47:52,CANCELLED,EAST
219,504,2025-06-10 07:19:40,PLACED,SOUTH
220,454,2024-10-04 05:25:08,DELIVERED,NORTH
221,217,2024-12-10 06:12:20,DELIVERED,EAST
222,528,2025-02-11 17:43:50,DELIVERED,WEST
223,537,02-06-2025 10:12:18,SHIPPED,SOUTH
224,256,2025-06-04 14:31:50,RETURNED,SOUTH
225,476,2024-09-17 08:14:17,RETURNED,NORTH
226,501,2025-06-25 16:13:18,RETURNED,WEST
227,359,2025-05-05 10:09:29,CANCELLED,NORTH
228,396,2025-03-30 19:41:43,DELIVERED,SOUTH
229,231,2025-04-29 14:17:19,DELIVERED,CENTRAL
230,,2025-01-27 01:54:52,DELIVERED,WEST
231,178,2025-06-19 17:31:28,SHIPPED,CENTRAL
232,313,2024-12-31 21:25:42,DELIVERED,EAST
233,224,2024-07-20 11:52:53,DELIVERED,CENTRAL
234,105,2023-10-06 16:58:07,DELIVERED,EAST
235,290,2024-02-18 19:59:40,DELIVERED,EAST
236,333,2025-06-25 08:38:54,DELIVERED,EAST
237,530,2024-12-19 07:46:39,CANCELLED,CENTRAL
238,328,2025-06-27 06:17:04,PLACED,WEST
239,266,2025-04-14 06:39:26,DELIVERED,CENTRAL
240,586,2024-09-19 12:16:30,DELIVERED,CENTRAL
241,488,2025-06-29 22:16:05,DELIVERED,SOUTH
242,572,2025-01-22 08:18:30,DELIVERED,EAST
243,573,2024-12-13 02:19:14,CANCELLED,NORTH
244,229,2024-08-21 12:29:03,CANCELLED,EAST
245,302,2024-10-18 05:07:28,DELIVERED,CENTRAL
246,73,2025-04-15 09:24:23,DELIVERED,WEST
247,424,2024-09-27 23:53:38,SHIPPED,SOUTH
248,584,2025-05-15 16:52:29,CANCELLED,SOUTH
249,500,2025-06-21 01:46:14,SHIPPED,NORTH
250,,2023-12-30 10:55:44,DELIVERED,CENTRAL
251,502,2025-04-05 21:23:31,PLACED,CENTRAL
252,440,2024-06-28 07:47:58,DELIVERED,NORTH
253,,2023-11-02 21:21:03,RETURNED,EAST
254,544,06-05-2025 12:04:33,PLACED,SOUTH
255,353,2025-02-07 04:54:38,DELIVERED,CENTRAL
256,67,2024-11-18 18:07:33,DELIVERED,CENTRAL
257,346,2024-09-18 20:06:20,RETURNED,EAST
258,502,2024-05-10 00:55:18,SHIPPED,WEST
259,,2023-11-22 05:39:11,SHIPPED,NORTH
260,174,2024-09-22 19:57:10,DELIVERED,NORTH
261,262,2025-06-10 16:04:36,DELIVERED,NORTH
262,21,2024-04-20 11:09:59,DELIVERED,WEST
263,259,2024-10-24 11:23:19,SHIPPED,NORTH
264,104,2024-12-19 13:34:39,DELIVERED,SOUTH
265,108,2025-02-18 16:18:56,SHIPPED,NORTH
266,510,2025-06-21 09:51:36,DELIVERED,CENTRAL
267,367,2025-06-18 14:15:10,SHIPPED,CENTRAL
268,213,2025-05-30 16:06:45,PLACED,NORTH
269,588,2025-01-19 15:28:21,RETURNED,CENTRAL
270,104,2025-06-25 18:18:36,SHIPPED,EAST
271,52,2025-03-26 09:08:35,CANCELLED,EAST
272,321,2025-01-09 21:07:34,PLACED,NORTH
273,,2023-09-16 11:51:33,SHIPPED,EAST
274,275,2025-01-03 02:22:08,DELIVERED,NORTH
275,468,2024-11-20 13:40:04,DELIVERED,WEST
276,171,2025-01-25 22:52:54,DELIVERED,SOUTH
277,495,2025-06-11 21:24:44,DELIVERED,CENTRAL
278,368,17-04-2025 17:08:12,DELIVERED,SOUTH
279,500,2025-06-15 17:47:27,DELIVERED,NORTH
280,322,2024-05-28 14:24:39,DELIVERED,CENTRAL
281,230,2025-06-01 01:42:03,DELIVERED,CENTRAL
282,255,2025-06-28 22:11:09,DELIVERED,WEST
283,572,04-12-2024 04:35:35,RETURNED,CENTRAL
284,508,2024-06-19 11:21:06,DELIVERED,SOUTH
285,285,2023-09-10 02:36:19,DELIVERED,WEST
286,241,2024-12-18 14:45:15,CANCELLED,WEST
287,511,2025-01-26 05:57:13,RETURNED,NORTH
288,423,2024-09-10 21:58:40,PLACED,NORTH
289,312,2025-01-27 20:06:08,DELIVERED,WEST
290,373,2025-06-05 15:14:06,CANCELLED,EAST
291,485,2025-04-24 15:28:28,DELIVERED,NORTH
292,228,2023-10-16 16:57:14,CANCELLED,EAST
293,383,2025-06-23 16:00:34,CANCELLED,WEST
294,420,2024-07-26 12:57:12,SHIPPED,NORTH
295,403,2025-03-14 20:43:11,DELIVERED,EAST
296,425,2024-10-01 01:24:53,CANCELLED,CENTRAL
297,462,2025-01-15 06:19:40,RETURNED,SOUTH
298,5,2025-01-01 22:42:28,DELIVERED,WEST
299,495,2025-06-23 17:56:24,RETURNED,SOUTH
300,178,2025-03-19 22:18:08,DELIVERED,CENTRAL
301,517,2025-06-14 03:34:39,RETURNED,SOUTH
302,352,2025-06-18 06:44:13,SHIPPED,WEST
303,525,2025-03-15 01:02:10,DELIVERED,EAST
304,567,2024-10-16 08:12:25,SHIPPED,EAST
305,136,2025-06-14 23:20:37,RETURNED,CENTRAL
306,331,2024-08-17 15:18:35,DELIVERED,CENTRAL
307,428,2025-06-18 16:40:10,CANCELLED,NORTH
308,26,2025-04-09 21:58:07,DELIVERED,SOUTH
309,165,2024-07-01 14:54:03,SHIPPED,NORTH
310,303,2024-09-09 05:25:34,PLACED,WEST
311,576,2025-05-10 18:40:26,DELIVERED,SOUTH
312,295,2025-02-09 05:15:52,RETURNED,WEST
313,321,2025-04-17 20:20:54,DELIVERED,SOUTH
314,454,2024-07-22 04:31:43,DELIVERED,EAST
315,560,2025-04-25 15:56:54,DELIVERED,SOUTH
316,182,2025-06-15 05:41:00,RETURNED,CENTRAL
317,42,2024-11-21 19:57:52,DELIVERED,SOUTH
318,262,2024-11-17 04:36:59,DELIVERED,SOUTH
319,,2025-05-22 06:53:06,PLACED,CENTRAL
320,309,2025-06-18 06:07:59,DELIVERED,NORTH
321,326,2025-05-05 02:04:26,SHIPPED,NORTH
322,164,2025-06-19 02:17:51,DELIVERED,EAST
323,219,2024-12-26 05:27:03,DELIVERED,SOUTH
324,544,2025-06-03 02:29:50,CANCELLED,NORTH
325,355,2025-03-06 03:50:22,DELIVERED,CENTRAL
326,41,2025-02-08 03:40:46,DELIVERED,NORTH
327,554,2025-06-23 03:56:30,RETURNED,EAST
328,521,2024-11-03 01:46:57,DELIVERED,SOUTH
329,85,2024-03-22 12:45:27,RETURNED,CENTRAL
330,68,2025-03-04 20:37:32,DELIVERED,WEST
331,211,2024-11-17 16:27:54,CANCELLED,WEST
332,74,17-06-2024 10:11:35,DELIVERED,NORTH
333,56,2025-01-02 03:00:25,DELIVERED,CENTRAL
334,265,2025-02-18 07:24:46,DELIVERED,WEST
335,399,2025-06-23 10:27:32,DELIVERED,CENTRAL
336,600,2024-11-26 16:14:52,PLACED,CENTRAL
337,309,2025-03-31 19:08:36,RETURNED,WEST
338,32,2024-12-25 03:46:14,SHIPPED,WEST
339,559,2024-10-27 13:23:54,SHIPPED,EAST
340,12,2025-05-08 22:26:19,SHIPPED,NORTH
341,,2024-09-06 10:27:11,DELIVERED,NORTH
342,353,2024-12-30 05:31:52,DELIVERED,CENTRAL
343,189,2024-04-27 11:47:09,DELIVERED,NORTH
344,581,2025-06-27 23:06:45,DELIVERED,CENTRAL
345,563,2023-09-17 19:30:49,PLACED,NORTH
346,595,2025-04-07 14:28:18,DELIVERED,SOUTH
347,72,2025-06-27 09:25:42,DELIVERED,EAST
348,314,2025-06-20 17:43:00,DELIVERED,EAST
349,173,2025-06-14 02:48:53,DELIVERED,WEST
350,369,2024-05-23 07:38:31,DELIVERED,WEST
351,368,2025-05-19 10:40:32,DELIVERED,SOUTH
352,84,2024-07-27 23:03:36,SHIPPED,CENTRAL
353,79,2024-11-17 06:46:42,CANCELLED,NORTH
354,593,2025-04-23 16:03:48,SHIPPED,NORTH
355,557,2025-05-22 16:39:19,SHIPPED,WEST
356,298,2024-08-30 23:43:39,DELIVERED,WEST
357,11,2024-08-20 13:03:39,CANCELLED,CENTRAL
358,527,2025-02-15 06:10:29,SHIPPED,CENTRAL
359,150,2025-06-24 20:42:15,RETURNED,NORTH
360,500,2025-06-18 15:00:14,DELIVERED,NORTH
361,531,2025-02-18 14:12:48,RETURNED,NORTH
362,,2024-10-16 17:22:39,DELIVERED,CENTRAL
363,281,2024-08-16 12:34:02,DELIVERED,WEST
364,375,2024-07-28 10:59:44,DELIVERED,SOUTH
365,362,2025-04-17 23:58:01,DELIVERED,CENTRAL
366,,2025-04-16 02:18:36,SHIPPED,NORTH
367,288,2025-04-19 12:52:14,SHIPPED,CENTRAL
368,122,2024-11-27 11:58:37,CANCELLED,NORTH
369,491,2025-01-28 01:36:06,SHIPPED,WEST
370,,2023-07-04 12:16:07,DELIVERED,SOUTH
371,41,2024-11-14 11:52:22,SHIPPED,SOUTH
372,416,2024-10-11 12:50:02,DELIVERED,EAST
373,222,2025-05-06 05:26:21,DELIVERED,WEST
374,421,2025-06-26 08:03:20,DELIVERED,SOUTH
375,524,2024-10-23 17:30:41,DELIVERED,WEST
376,71,2024-10-25 12:02:22,SHIPPED,NORTH
377,517,2025-05-06 21:23:06,SHIPPED,NORTH
378,40,2025-06-23 05:18:42,DELIVERED,NORTH
379,134,2024-05-31 22:22:24,DELIVERED,WEST
380,380,2024-11-20 20:52:26,DELIVERED,WEST
381,391,2024-12-07 03:03:46,DELIVERED,CENTRAL
382,138,2024-02-06 16:33:35,SHIPPED,NORTH
383,557,2025-04-03 09:43:36,PLACED,NORTH
384,121,15-03-2025 20:31:53,DELIVERED,EAST
385,110,2025-05-07 00:39:36,DELIVERED,EAST
386,434,2025-04-18 15:33:14,DELIVERED,WEST
387,424,2025-04-09 09:59:27,DELIVERED,EAST
388,496,2024-10-08 02:45:29,DELIVERED,WEST
389,122,2025-02-02 20:16:01,DELIVERED,SOUTH
390,521,2024-09-29 02:59:47,CANCELLED,CENTRAL
391,54,2023-12-08 20:22:25,DELIVERED,NORTH
392,483,2024-12-31 05:23:09,PLACED,SOUTH
393,39,2025-03-23 12:21:21,DELIVERED,CENTRAL
394,59,2025-06-19 15:21:19,SHIPPED,WEST
395,207,2025-06-18 07:51:53,CANCELLED,EAST
396,523,2025-04-29 03:51:56,DELIVERED,NORTH
397,1,2024-12-09 03:29:29,DELIVERED,WEST
398,405,2025-05-10 17:32:18,DELIVERED,NORTH
399,563,2024-02-28 23:20:54,DELIVERED,CENTRAL
400,284,2024-06-21 18:27:14,SHIPPED,WEST
401,268,2024-09-11 22:53:05,SHIPPED,NORTH
402,349,2024-08-22 21:12:20,RETURNED,CENTRAL
403,589,2024-08-06 06:58:31,RETURNED,CENTRAL
404,250,2025-06-06 08:19:31,DELIVERED,WEST
405,29,2025-06-25 19:04:18,PLACED,SOUTH
406,236,2025-04-19 18:02:41,RETURNED,CENTRAL
407,270,2025-03-02 04:57:51,DELIVERED,EAST
408,183,2025-04-02 01:49:07,SHIPPED,CENTRAL
409,195,2025-03-23 19:00:39,SHIPPED,SOUTH
410,212,2024-02-22 00:44:17,SHIPPED,CENTRAL
411,110,2025-05-03 15:20:13,DELIVERED,WEST
412,555,2024-02-11 19:50:30,DELIVERED,EAST
413,589,2024-08-25 09:23:41,RETURNED,CENTRAL
414,228,2025-05-19 16:10:15,PLACED,WEST
415,554,2024-09-27 15:30:21,DELIVERED,SOUTH
416,124,2025-04-10 12:02:38,DELIVERED,NORTH
417,389,2025-03-04 15:23:20,DELIVERED,EAST
418,270,2025-02-28 01:08:54,RETURNED,EAST
419,511,2025-01-08 06:52:05,DELIVERED,EAST
420,411,2024-12-17 14:20:10,DELIVERED,CENTRAL
421,103,2024-07-19 16:12:57,DELIVERED,WEST
422,154,2025-02-03 16:33:30,SHIPPED,WEST
423,530,2025-04-12 09:04:42,DELIVERED,EAST
424,582,2024-05-13 01:21:57,DELIVERED,NORTH
425,261,2025-04-12 03:20:19,PLACED,EAST
426,369,2025-04-19 05:40:54,CANCELLED,EAST
427,,2023-09-03 04:01:50,DELIVERED,CENTRAL
428,590,2025-02-23 18:22:14,SHIPPED,EAST
429,523,2025-04-23 15:53:07,DELIVERED,NORTH
430,294,2025-02-20 04:57:55,SHIPPED,SOUTH
431,346,2024-09-09 15:13:45,DELIVERED,NORTH
432,352,2025-06-15 01:53:35,DELIVERED,EAST
433,405,2025-04-14 16:06:27,DELIVERED,EAST
434,534,2025-02-07 20:59:40,SHIPPED,NORTH
435,241,2025-02-23 17:31:12,DELIVERED,NORTH
436,407,2024-03-22 00:13:58,RETURNED,WEST
437,27,2025-03-03 19:14:45,DELIVERED,NORTH
438,160,2024-12-08 17:50:16,CANCELLED,EAST
439,291,2024-12-27 02:33:16,SHIPPED,SOUTH
440,,2024-10-28 09:27:08,RETURNED,WEST
441,554,2024-12-29 19:05:11,SHIPPED,CENTRAL
442,468,2025-04-09 01:47:21,CANCELLED,WEST
443,547,2024-02-17 12:30:19,DELIVERED,SOUTH
444,453,2024-12-17 03:04:44,DELIVERED,EAST
445,,2024-07-11 11:19:18,CANCELLED,EAST
446,548,2024-12-10 05:31:15,DELIVERED,WEST
447,441,2025-02-13 18:14:11,DELIVERED,CENTRAL
448,422,2025-06-06 04:41:34,DELIVERED,SOUTH
449,400,2025-03-08 21:06:19,PLACED,SOUTH
450,279,2025-02-03 13:22:50,DELIVERED,EAST
451,71,2024-09-18 16:18:58,SHIPPED,WEST
452,279,2025-06-14 20:29:09,DELIVERED,SOUTH
453,,20-07-2024 12:34:39,RETURNED,EAST
454,449,2024-02-25 08:56:07,SHIPPED,WEST
455,431,2025-02-27 00:06:18,DELIVERED,EAST
456,33,2024-11-28 06:08:25,DELIVERED,SOUTH
457,402,2025-02-14 20:40:36,SHIPPED,EAST
458,13,2025-03-11 16:22:55,DELIVERED,WEST
459,454,2024-08-07 23:26:13,PLACED,WEST
460,97,2025-06-21 07:10:15,SHIPPED,WEST
461,320,2024-05-31 22:20:03,DELIVERED,CENTRAL
462,260,2025-05-16 17:20:46,SHIPPED,NORTH
463,224,2023-10-19 17:08:20,DELIVERED,NORTH
464,283,2025-01-01 11:12:54,SHIPPED,NORTH
465,487,2024-09-11 09:15:33,PLACED,SOUTH
466,347,2025-06-19 17:54:12,PLACED,SOUTH
467,110,2025-05-04 05:11:57,DELIVERED,CENTRAL
468,356,2025-02-26 18:18:46,PLACED,WEST
469,138,2024-02-03 17:18:59,DELIVERED,WEST
470,556,2025-05-27 09:43:33,DELIVERED,CENTRAL
471,480,2024-10-31 22:12:35,DELIVERED,CENTRAL
472,544,2025-05-03 01:14:07,CANCELLED,CENTRAL
473,1,2025-06-13 18:50:02,DELIVERED,NORTH
474,373,2025-06-14 14:12:23,PLACED,CENTRAL
475,195,2025-04-02 12:41:03,DELIVERED,SOUTH
476,331,2025-04-03 07:18:36,SHIPPED,CENTRAL
477,45,2025-06-29 01:38:01,SHIPPED,NORTH
478,498,2025-05-25 14:29:56,DELIVERED,WEST
479,539,2025-04-03 07:49:35,DELIVERED,EAST
480,73,2024-10-19 01:58:16,SHIPPED,WEST
481,82,2024-11-11 13:15:17,PLACED,CENTRAL
482,426,2025-05-27 11:41:05,DELIVERED,CENTRAL
483,42,2024-02-17 16:07:47,PLACED,SOUTH
484,100,2025-05-26 21:56:08,DELIVERED,SOUTH
485,255,2025-06-29 11:00:58,SHIPPED,CENTRAL
486,109,2025-06-26 23:44:43,DELIVERED,WEST
487,171,2025-06-06 21:08:19,DELIVERED,EAST
488,547,2024-09-29 23:14:23,DELIVERED,EAST
489,333,2025-06-26 12:16:16,DELIVERED,EAST
490,577,2025-02-01 21:36:18,DELIVERED,EAST
491,464,2025-06-25 17:22:30,PLACED,NORTH
492,17,2025-06-18 00:28:08,CANCELLED,NORTH
493,228,2024-03-29 20:35:14,PLACED,EAST
494,524,2025-02-14 01:18:25,DELIVERED,NORTH
495,,2024-03-03 05:54:13,DELIVERED,CENTRAL
496,263,2025-06-21 23:45:35,DELIVERED,CENTRAL
497,80,2025-06-25 22:34:24,SHIPPED,CENTRAL
498,98,2025-05-07 07:54:49,PLACED,CENTRAL
499,58,2025-06-28 08:32:28,CANCELLED,WEST
500,124,2024-08-27 02:19:25,CANCELLED,NORTH
501,392,2023-11-10 01:01:05,PLACED,CENTRAL
502,335,2025-06-29 13:21:40,SHIPPED,WEST
503,590,2024-11-03 00:50:13,DELIVERED,WEST
504,345,2024-08-18 01:22:34,DELIVERED,CENTRAL
505,88,2024-05-20 13:04:56,DELIVERED,SOUTH
506,493,2024-10-17 21:00:38,DELIVERED,SOUTH
507,537,2025-03-31 19:35:19,DELIVERED,WEST
508,590,2023-12-16 14:09:55,DELIVERED,EAST
509,329,2025-01-12 19:12:17,PLACED,EAST
510,359,2025-05-31 19:53:56,CANCELLED,CENTRAL
511,46,2025-05-31 16:04:12,DELIVERED,NORTH
512,56,2025-01-27 09:22:27,RETURNED,EAST
513,,2024-11-20 21:16:49,DELIVERED,WEST
514,,2023-11-10 08:13:12,SHIPPED,CENTRAL
515,265,2025-04-14 03:11:14,DELIVERED,SOUTH
516,19,2024-09-15 12:27:25,DELIVERED,NORTH
517,62,2024-07-17 14:23:46,DELIVERED,EAST
518,9,2025-02-27 22:22:05,DELIVERED,EAST
519,20,2024-12-31 04:30:45,DELIVERED,SOUTH
520,521,2025-05-27 05:33:29,DELIVERED,CENTRAL
521,191,2025-04-15 07:24:46,DELIVERED,NORTH
522,,2025-05-17 08:21:39,DELIVERED,WEST
523,19,2024-08-23 08:26:45,DELIVERED,EAST
524,514,2025-03-19 03:22:18,DELIVERED,WEST
525,31,2025-06-10 21:06:08,SHIPPED,EAST
526,141,2023-11-05 04:37:03,DELIVERED,CENTRAL
527,233,2025-05-25 12:27:25,SHIPPED,EAST
528,338,2025-03-15 10:33:36,SHIPPED,SOUTH
529,208,2024-03-08 06:33:01,DELIVERED,CENTRAL
530,441,2024-12-18 08:55:06,DELIVERED,SOUTH
531,571,2025-06-04 11:46:50,SHIPPED,EAST
532,150,24-06-2025 15:33:16,DELIVERED,WEST
533,311,2025-06-15 12:08:15,CANCELLED,EAST
534,193,2025-04-13 17:35:27,PLACED,CENTRAL
535,581,2024-12-23 15:15:19,SHIPPED,NORTH
536,489,2025-04-15 00:26:40,DELIVERED,EAST
537,397,2025-03-28 17:12:35,SHIPPED,SOUTH
538,,2025-01-14 20:02:13,RETURNED,WEST
539,208,2024-04-28 21:18:50,RETURNED,WEST
540,502,2025-01-20 06:41:24,DELIVERED,SOUTH
541,43,2025-04-30 04:38:08,DELIVERED,EAST
542,586,2025-06-15 10:44:07,CANCELLED,NORTH
543,463,2025-03-04 10:37:14,PLACED,SOUTH
544,406,16-04-2025 00:33:49,DELIVERED,NORTH
545,451,2024-07-24 04:00:04,DELIVERED,EAST
546,433,2025-05-04 04:05:43,PLACED,CENTRAL
547,475,2025-06-24 06:53:45,PLACED,CENTRAL
548,600,2025-06-09 04:53:00,DELIVERED,WEST
549,,2024-05-18 09:13:18,DELIVERED,SOUTH
550,93,2025-02-11 02:56:09,DELIVERED,SOUTH
551,127,2023-12-08 19:55:40,DELIVERED,EAST
552,394,2025-06-26 15:26:04,DELIVERED,SOUTH
553,390,2024-11-19 01:14:03,RETURNED,CENTRAL
554,154,2024-10-05 23:06:21,SHIPPED,NORTH
555,317,2025-01-30 14:51:23,SHIPPED,SOUTH
556,4,2025-04-30 18:40:58,PLACED,WEST
557,557,2024-05-25 11:11:52,DELIVERED,SOUTH
558,488,2025-04-06 05:08:57,PLACED,CENTRAL
559,,2025-04-16 04:48:03,DELIVERED,CENTRAL
560,213,2024-12-13 23:57:22,PLACED,EAST
561,,25-03-2025 04:31:53,DELIVERED,CENTRAL
562,90,2024-07-13 02:00:39,RETURNED,SOUTH
563,587,2025-06-17 03:56:08,DELIVERED,CENTRAL
564,37,2023-12-14 07:59:59,DELIVERED,WEST
565,438,2025-06-25 13:31:29,DELIVERED,NORTH
566,282,2025-05-31 23:33:20,DELIVERED,SOUTH
567,112,2025-05-10 19:03:15,DELIVERED,NORTH
568,295,2024-07-17 16:51:22,DELIVERED,CENTRAL
569,363,2024-02-26 18:01:41,DELIVERED,WEST
570,185,2025-05-22 08:08:48,DELIVERED,SOUTH
571,,2023-06-19 15:08:46,DELIVERED,SOUTH
572,425,20-02-2025 19:08:35,DELIVERED,SOUTH
573,,2023-11-04 06:24:00,DELIVERED,NORTH
574,519,2025-05-09 04:37:25,PLACED,EAST
575,583,2024-04-18 14:47:14,SHIPPED,EAST
576,491,2025-01-24 13:19:46,DELIVERED,WEST
577,472,2025-05-06 12:54:00,DELIVERED,WEST
578,58,2025-06-29 03:14:31,DELIVERED,EAST
579,20,2024-10-26 18:17:37,DELIVERED,EAST
580,153,2024-11-16 20:09:13,DELIVERED,WEST
581,170,2024-12-09 11:52:09,SHIPPED,NORTH
582,316,2024-09-01 06:41:37,DELIVERED,NORTH
583,244,2025-03-21 07:24:35,RETURNED,SOUTH
584,180,2023-12-28 04:08:33,PLACED,SOUTH
585,455,26-02-2025 12:12:44,DELIVERED,CENTRAL
586,349,2025-06-03 12:34:12,DELIVERED,EAST
587,101,2025-06-25 21:40:13,SHIPPED,NORTH
588,535,03-04-2024 23:20:21,RETURNED,CENTRAL
589,342,2024-10-04 15:11:51,SHIPPED,EAST
590,,2025-01-10 03:20:58,CANCELLED,EAST
591,294,2024-09-27 21:07:16,DELIVERED,NORTH
592,162,2025-02-07 06:28:50,RETURNED,CENTRAL
593,212,2024-10-22 09:28:05,DELIVERED,SOUTH
594,291,2025-02-15 22:50:27,PLACED,CENTRAL
595,554,2025-03-06 07:05:44,PLACED,NORTH
596,56,2024-11-27 10:41:33,SHIPPED,CENTRAL
597,457,2025-03-23 02:39:31,CANCELLED,CENTRAL
598,477,2025-02-16 12:10:47,CANCELLED,WEST
599,318,2025-05-28 08:54:18,RETURNED,SOUTH
600,265,2025-02-01 03:35:36,DELIVERED,EAST
601,333,2025-06-27 12:01:41,PLACED,NORTH
602,473,2025-04-03 22:13:33,DELIVERED,CENTRAL
603,521,2024-02-10 22:47:43,DELIVERED,NORTH
604,73,2025-02-08 07:56:42,DELIVERED,WEST
605,250,2024-12-25 14:30:36,DELIVERED,NORTH
606,442,2025-01-30 03:34:52,DELIVERED,SOUTH
607,80,2025-06-28 23:14:40,SHIPPED,CENTRAL
608,569,2025-02-07 23:06:00,SHIPPED,WEST
609,112,2025-05-30 05:48:09,DELIVERED,WEST
610,63,2024-10-04 03:49:43,SHIPPED,CENTRAL
611,1,2024-12-04 23:34:45,DELIVERED,EAST
612,592,2025-03-12 15:49:52,DELIVERED,EAST
613,312,2024-12-01 15:53:57,RETURNED,NORTH
614,523,2025-04-07 11:41:47,CANCELLED,NORTH
615,563,02-09-2023 06:21:53,DELIVERED,EAST
616,289,2025-01-21 01:19:53,DELIVERED,WEST
617,392,2024-08-09 08:59:50,DELIVERED,SOUTH
618,193,2025-06-06 16:20:34,DELIVERED,WEST
619,129,28-04-2025 00:53:20,DELIVERED,SOUTH
620,499,2025-01-09 05:19:57,SHIPPED,SOUTH
621,426,2025-06-26 02:24:34,DELIVERED,CENTRAL
622,185,2025-01-21 22:31:29,DELIVERED,WEST
623,232,2024-04-30 07:23:45,PLACED,WEST
624,243,2025-05-26 03:03:55,DELIVERED,CENTRAL
625,35,2023-10-15 09:51:19,DELIVERED,NORTH
626,82,2024-03-03 08:42:09,DELIVERED,EAST
627,81,2025-01-10 12:04:39,PLACED,WEST
628,80,2025-06-29 16:34:29,DELIVERED,CENTRAL
629,352,2025-06-29 23:21:32,DELIVERED,CENTRAL
630,588,2025-03-10 23:17:40,DELIVERED,EAST
631,37,2025-03-25 20:41:33,DELIVERED,CENTRAL
632,485,2025-01-07 01:19:51,PLACED,EAST
633,28,2024-09-10 18:37:52,SHIPPED,NORTH
634,285,2024-02-13 18:34:14,DELIVERED,EAST
635,,2023-08-26 15:25:53,RETURNED,SOUTH
636,379,2024-08-16 05:40:52,DELIVERED,WEST
637,541,29-06-2025 09:16:42,RETURNED,SOUTH
638,158,2024-11-30 05:08:45,DELIVERED,WEST
639,451,2025-04-04 21:36:14,SHIPPED,EAST
640,271,2024-12-09 01:08:45,DELIVERED,WEST
641,546,2024-09-23 11:45:45,DELIVERED,WEST
642,544,30-05-2025 05:00:15,RETURNED,WEST
643,324,2025-06-27 09:04:10,RETURNED,NORTH
644,363,2024-10-18 09:04:19,DELIVERED,EAST
645,274,2025-03-10 04:15:39,DELIVERED,WEST
646,248,2025-02-25 16:50:20,DELIVERED,SOUTH
647,11,2024-02-23 14:00:25,PLACED,NORTH
648,457,2025-03-21 12:22:13,DELIVERED,SOUTH
649,,2024-09-24 02:24:04,RETURNED,SOUTH
650,125,2025-02-18 23:28:35,PLACED,CENTRAL
651,580,2025-03-22 20:44:03,CANCELLED,SOUTH
652,479,2025-03-05 00:11:57,DELIVERED,EAST
653,332,2025-06-26 02:57:16,PLACED,NORTH
654,341,2024-10-28 07:47:13,CANCELLED,SOUTH
655,504,2024-09-27 22:22:18,SHIPPED,WEST
656,554,2025-03-01 11:34:28,DELIVERED,WEST
657,106,2024-02-17 01:51:15,DELIVERED,EAST
658,20,2025-06-08 13:49:34,DELIVERED,NORTH
659,273,2024-09-09 18:10:05,RETURNED,CENTRAL
660,,2024-12-01 14:43:31,DELIVERED,WEST
661,72,2025-05-23 10:35:28,DELIVERED,WEST
662,549,2024-06-19 18:43:21,DELIVERED,NORTH
663,93,2025-03-27 21:21:31,RETURNED,NORTH
664,297,2024-09-11 18:26:24,PLACED,WEST
665,307,2025-06-25 03:02:47,SHIPPED,EAST
666,449,2024-07-15 03:52:27,SHIPPED,CENTRAL
667,399,2025-06-22 18:20:52,DELIVERED,WEST
668,461,14-11-2024 09:01:46,PLACED,NORTH
669,217,2025-06-19 20:38:46,DELIVERED,CENTRAL
670,594,2025-01-06 11:35:01,PLACED,SOUTH
671,20,2025-05-19 00:10:14,DELIVERED,SOUTH
672,134,2024-06-11 03:47:12,PLACED,EAST
673,100,2025-06-13 03:29:36,CANCELLED,NORTH
674,109,2025-06-04 13:01:44,DELIVERED,SOUTH
675,208,2024-10-18 01:09:27,CANCELLED,WEST
676,590,2024-12-05 00:01:48,CANCELLED,SOUTH
677,178,2025-04-29 03:33:38,DELIVERED,WEST
678,379,2025-06-05 20:16:04,SHIPPED,CENTRAL
679,,2023-08-17 15:32:08,DELIVERED,WEST
680,17,2025-06-06 02:51:57,PLACED,NORTH
681,291,2024-12-16 15:28:20,DELIVERED,WEST
682,212,2023-12-17 03:21:03,DELIVERED,WEST
683,179,2025-03-14 07:19:39,DELIVERED,CENTRAL
684,309,2025-05-21 13:06:54,DELIVERED,SOUTH
685,543,2025-06-09 15:28:47,CANCELLED,CENTRAL
686,476,2025-04-11 08:00:57,SHIPPED,NORTH
687,153,2025-04-16 11:41:46,SHIPPED,NORTH
688,373,2025-06-16 20:07:27,DELIVERED,CENTRAL
689,465,2024-01-18 15:29:47,PLACED,CENTRAL
690,30,2025-02-10 18:11:59,PLACED,SOUTH
691,594,2025-02-11 14:16:55,DELIVERED,EAST
692,113,2024-09-01 07:32:43,SHIPPED,WEST
693,385,2024-12-30 16:43:33,DELIVERED,NORTH
694,149,2025-01-24 22:48:19,DELIVERED,WEST
695,469,2025-02-04 02:26:24,DELIVERED,EAST
696,131,2025-02-19 05:34:17,PLACED,SOUTH
697,477,2025-01-05 02:15:55,DELIVERED,SOUTH
698,161,2025-06-28 08:57:49,DELIVERED,CENTRAL
699,89,2025-03-21 22:38:35,DELIVERED,SOUTH
700,474,12-06-2025 18:37:43,DELIVERED,SOUTH
701,445,2025-06-17 12:30:43,RETURNED,SOUTH
702,6,2025-01-18 05:54:57,PLACED,WEST
703,517,2024-12-31 12:40:59,DELIVERED,NORTH
704,247,2024-03-01 12:56:17,PLACED,WEST
705,136,2025-05-11 19:08:44,DELIVERED,NORTH
706,,2024-11-01 15:43:39,DELIVERED,CENTRAL
707,25,2025-06-10 01:55:40,SHIPPED,WEST
708,380,2025-05-03 07:33:01,PLACED,NORTH
709,341,29-04-2025 04:32:10,DELIVERED,EAST
710,556,2025-02-21 19:03:09,DELIVERED,NORTH
711,344,2024-04-16 13:45:49,RETURNED,EAST
712,114,2025-06-12 04:20:59,DELIVERED,EAST
713,573,2024-10-29 00:32:25,DELIVERED,SOUTH
714,245,2025-02-11 13:45:06,DELIVERED,CENTRAL
715,215,2025-04-04 00:10:17,SHIPPED,EAST
716,516,2025-02-17 08:20:43,PLACED,EAST
717,498,2025-06-24 16:27:48,SHIPPED,CENTRAL
718,546,2024-11-08 00:12:08,DELIVERED,NORTH
719,469,2023-10-01 19:33:11,CANCELLED,EAST
720,79,2024-11-30 11:21:17,SHIPPED,SOUTH
721,210,2025-01-17 10:19:15,PLACED,WEST
722,555,2024-04-21 13:10:06,DELIVERED,NORTH
723,65,2023-12-12 02:47:32,SHIPPED,CENTRAL
724,422,2024-10-13 11:50:08,DELIVERED,EAST
725,543,2025-06-26 14:45:40,DELIVERED,EAST
726,267,2024-11-01 03:31:18,RETURNED,NORTH
727,292,2024-10-07 03:05:11,DELIVERED,SOUTH
728,293,2025-03-29 09:29:19,CANCELLED,SOUTH
729,120,2023-10-25 23:07:07,DELIVERED,WEST
730,189,2024-04-15 08:22:23,PLACED,EAST
731,152,2025-06-05 04:57:17,RETURNED,CENTRAL
732,26,2025-04-19 02:47:39,DELIVERED,WEST
733,160,2024-11-07 16:01:32,DELIVERED,CENTRAL
734,303,2024-12-23 01:10:03,RETURNED,CENTRAL
735,579,2025-05-14 21:02:25,DELIVERED,NORTH
736,42,2024-04-11 07:02:18,SHIPPED,NORTH
737,226,2025-04-13 09:32:00,DELIVERED,CENTRAL
738,598,2025-05-07 05:21:34,RETURNED,EAST
739,86,2025-05-13 13:10:59,DELIVERED,NORTH
740,404,2025-02-21 18:12:10,DELIVERED,CENTRAL
741,370,2024-07-15 19:01:05,CANCELLED,EAST
742,13,2025-04-12 06:34:00,DELIVERED,WEST
743,90,2024-11-19 12:50:56,DELIVERED,WEST
744,296,2025-01-22 14:38:11,RETURNED,WEST
745,425,2024-11-06 04:51:54,DELIVERED,SOUTH
746,487,2025-06-26 00:19:16,PLACED,CENTRAL
747,91,2023-10-06 03:23:04,RETURNED,WEST
748,474,2025-06-23 05:44:55,RETURNED,SOUTH
749,391,2024-11-13 09:59:32,PLACED,EAST
750,312,2025-01-16 18:42:02,DELIVERED,NORTH
751,158,2024-06-02 00:39:16,DELIVERED,WEST
752,295,2024-07-10 00:21:57,RETURNED,SOUTH
753,,2025-01-14 23:23:00,RETURNED,NORTH
754,371,2025-06-05 07:51:03,DELIVERED,EAST
755,488,2024-11-27 10:36:02,DELIVERED,NORTH
756,167,2025-04-02 08:40:41,DELIVERED,SOUTH
757,55,2025-03-04 22:44:09,DELIVERED,EAST
758,,2024-01-13 13:00:46,RETURNED,CENTRAL
759,188,2024-04-26 09:46:08,SHIPPED,EAST
760,309,2025-05-06 17:05:25,DELIVERED,NORTH
761,361,04-04-2025 21:46:19,DELIVERED,EAST
762,422,2024-04-11 07:53:44,SHIPPED,SOUTH
763,227,2025-04-10 14:05:09,DELIVERED,CENTRAL
764,565,2024-06-26 12:29:38,RETURNED,NORTH
765,18,2025-04-24 02:43:00,DELIVERED,SOUTH
766,536,2025-01-11 16:11:00,DELIVERED,NORTH
767,146,2025-04-12 10:07:43,SHIPPED,SOUTH
768,436,2025-05-05 06:53:30,SHIPPED,NORTH
769,442,2024-03-31 00:34:23,PLACED,CENTRAL
770,481,2024-05-29 08:52:14,PLACED,EAST
771,99,2024-12-21 01:50:22,SHIPPED,SOUTH
772,360,2023-07-31 17:25:46,CANCELLED,EAST
773,357,2025-04-10 18:46:20,DELIVERED,CENTRAL
774,584,2024-12-15 12:56:50,DELIVERED,NORTH
775,197,2024-09-22 22:11:29,DELIVERED,NORTH
776,102,2024-01-30 05:32:09,CANCELLED,WEST
777,190,2025-04-13 08:59:28,SHIPPED,EAST
778,435,2024-10-28 05:10:42,DELIVERED,EAST
779,113,2025-01-29 16:25:27,DELIVERED,EAST
780,42,2024-02-26 21:12:46,SHIPPED,EAST
781,320,2025-03-10 15:28:33,DELIVERED,CENTRAL
782,439,2025-06-24 06:59:15,CANCELLED,WEST
783,377,13-01-2025 15:10:18,DELIVERED,NORTH
784,536,2024-06-26 00:37:30,DELIVERED,CENTRAL
785,173,2025-06-15 13:41:47,SHIPPED,SOUTH
786,414,2025-02-17 20:06:47,DELIVERED,WEST
787,596,2024-12-23 02:26:15,DELIVERED,WEST
788,415,2025-05-28 08:20:49,SHIPPED,WEST
789,257,2024-12-23 00:59:32,DELIVERED,SOUTH
790,,2024-12-25 01:33:29,PLACED,NORTH
791,392,2025-01-10 14:15:40,SHIPPED,CENTRAL
792,79,2025-05-08 22:16:30,DELIVERED,SOUTH
793,510,2025-06-24 22:47:44,DELIVERED,CENTRAL
794,33,2025-01-06 03:40:42,SHIPPED,WEST
795,386,2024-12-29 17:50:40,PLACED,CENTRAL
796,311,2025-06-28 06:37:06,DELIVERED,EAST
797,500,2025-06-15 15:43:10,DELIVERED,CENTRAL
798,586,2025-04-24 22:02:57,CANCELLED,CENTRAL
799,270,2025-04-19 01:25:39,DELIVERED,EAST
800,292,2024-06-23 22:13:55,DELIVERED,SOUTH
801,358,07-06-2025 18:58:00,CANCELLED,EAST
802,439,2025-06-26 04:31:48,DELIVERED,NORTH
803,254,2024-07-21 05:40:21,DELIVERED,NORTH
804,118,2025-04-10 02:36:23,DELIVERED,NORTH
805,433,2025-06-26 07:18:07,DELIVERED,NORTH
806,23,2025-01-16 22:07:38,DELIVERED,CENTRAL
807,501,2025-05-08 17:08:56,SHIPPED,WEST
808,348,2024-08-24 17:04:41,DELIVERED,WEST
809,78,2025-06-20 14:13:42,SHIPPED,EAST
810,,2024-08-19 11:12:02,SHIPPED,NORTH
811,593,2025-02-22 09:29:26,DELIVERED,CENTRAL
812,487,2025-04-10 17:49:51,DELIVERED,EAST
813,308,2025-01-16 03:01:05,DELIVERED,WEST
814,528,2025-06-06 00:23:48,DELIVERED,NORTH
815,529,2025-01-18 10:40:08,SHIPPED,WEST
816,546,2025-02-25 21:12:37,DELIVERED,NORTH
817,374,2025-03-30 19:20:39,SHIPPED,EAST
818,421,2025-05-29 22:30:56,RETURNED,SOUTH
819,274,2025-03-26 19:04:49,SHIPPED,CENTRAL
820,245,2024-08-30 02:26:33,PLACED,EAST
821,574,2025-05-26 09:03:12,RETURNED,SOUTH
822,140,2025-03-22 15:48:39,CANCELLED,CENTRAL
823,44,2025-06-27 12:52:17,PLACED,NORTH
824,306,2023-10-22 09:14:55,DELIVERED,EAST
825,93,2025-04-09 03:19:47,DELIVERED,SOUTH
826,585,2025-04-19 05:51:12,SHIPPED,CENTRAL
827,538,2024-01-22 14:02:32,PLACED,CENTRAL
828,321,2024-10-26 18:20:03,DELIVERED,SOUTH
829,224,2023-11-13 01:32:06,SHIPPED,EAST
830,261,2024-05-20 10:31:30,DELIVERED,NORTH
831,434,2025-04-01 04:58:50,RETURNED,SOUTH
832,377,04-03-2025 16:21:56,RETURNED,CENTRAL
833,,2024-12-26 08:20:30,RETURNED,SOUTH
834,394,2025-06-16 12:09:43,DELIVERED,NORTH
835,243,2024-10-28 14:59:09,RETURNED,WEST
836,262,2025-03-11 20:28:51,CANCELLED,SOUTH
837,165,2024-10-27 20:40:46,CANCELLED,WEST
838,281,2024-03-27 05:04:14,RETURNED,WEST
839,341,2025-03-18 00:44:11,CANCELLED,SOUTH
840,519,2024-04-28 13:10:29,DELIVERED,CENTRAL
841,465,07-06-2025 23:39:20,PLACED,SOUTH
842,140,2025-03-17 14:20:03,DELIVERED,EAST
843,114,2025-05-21 07:45:10,DELIVERED,SOUTH
844,421,2025-05-30 00:15:14,CANCELLED,SOUTH
845,336,2025-06-17 20:09:31,DELIVERED,SOUTH
846,387,2025-04-14 07:32:42,SHIPPED,NORTH
847,235,2025-05-27 08:48:43,DELIVERED,EAST
848,173,2025-06-15 05:00:02,DELIVERED,EAST
849,377,2025-01-10 01:39:36,SHIPPED,CENTRAL
850,465,2025-05-22 05:00:04,SHIPPED,SOUTH
851,273,2024-12-24 16:00:00,DELIVERED,WEST
852,221,2025-05-15 22:43:22,SHIPPED,SOUTH
853,150,2025-06-07 16:45:41,DELIVERED,CENTRAL
854,255,2025-06-28 05:49:56,DELIVERED,NORTH
855,,2023-09-12 11:07:11,RETURNED,WEST
856,393,2025-05-30 04:40:43,DELIVERED,NORTH
857,54,2024-04-20 13:00:26,DELIVERED,EAST
858,47,2025-03-16 00:59:02,DELIVERED,EAST
859,380,2024-12-25 08:32:59,DELIVERED,CENTRAL
860,174,2025-02-17 15:15:35,DELIVERED,WEST
861,325,2025-05-16 22:01:51,SHIPPED,NORTH
862,131,2025-05-20 22:29:24,CANCELLED,EAST
863,290,2025-06-02 05:16:30,DELIVERED,EAST
864,447,2025-04-07 00:52:49,RETURNED,SOUTH
865,451,2023-10-30 08:08:00,PLACED,SOUTH
866,,2023-12-20 02:55:34,DELIVERED,NORTH
867,507,2025-02-10 22:06:11,RETURNED,CENTRAL
868,505,2024-06-11 08:58:55,CANCELLED,NORTH
869,209,2025-02-06 08:09:26,SHIPPED,CENTRAL
870,577,2025-06-15 23:44:19,SHIPPED,NORTH
871,585,2024-09-16 03:01:25,PLACED,WEST
872,337,2025-01-15 00:59:32,RETURNED,NORTH
873,109,2025-06-14 16:56:58,PLACED,WEST
874,276,2025-03-04 12:46:12,DELIVERED,NORTH
875,464,2025-06-19 18:33:14,RETURNED,CENTRAL
876,50,2025-02-12 14:07:24,DELIVERED,NORTH
877,561,2025-03-15 19:31:40,DELIVERED,SOUTH
878,409,02-11-2023 06:35:26,SHIPPED,WEST
879,292,2025-03-04 16:05:09,DELIVERED,NORTH
880,443,2025-06-04 21:29:33,DELIVERED,CENTRAL
881,99,2025-03-25 16:56:45,DELIVERED,WEST
882,577,2025-02-23 03:34:52,DELIVERED,EAST
883,445,2025-06-27 11:12:39,PLACED,EAST
884,230,2025-05-27 18:05:03,SHIPPED,WEST
885,538,2023-09-14 05:18:58,DELIVERED,WEST
886,131,2025-06-25 21:08:02,CANCELLED,CENTRAL
887,583,2024-05-03 01:43:10,RETURNED,CENTRAL
888,436,2025-01-17 09:37:11,DELIVERED,CENTRAL
889,364,2025-02-14 23:28:09,DELIVERED,NORTH
890,474,2025-06-10 08:35:48,CANCELLED,NORTH
891,305,2024-09-09 20:23:03,DELIVERED,WEST
892,272,2024-12-12 13:28:01,CANCELLED,SOUTH
893,81,2025-03-14 04:21:42,DELIVERED,WEST
894,6,2025-01-09 09:03:00,SHIPPED,WEST
895,415,2025-05-30 01:09:53,CANCELLED,CENTRAL
896,405,2025-04-20 18:28:56,SHIPPED,SOUTH
897,17,2025-02-10 02:20:52,SHIPPED,SOUTH
898,447,2025-06-18 13:58:35,DELIVERED,WEST
899,433,2025-03-12 05:40:25,RETURNED,WEST
900,483,2023-10-07 05:53:17,DELIVERED,SOUTH
901,402,2025-02-10 21:18:52,SHIPPED,WEST
902,508,2025-05-06 11:01:40,DELIVERED,EAST
903,,2024-04-06 10:34:55,DELIVERED,CENTRAL
904,500,2025-06-18 15:05:41,DELIVERED,WEST
905,567,2023-08-01 07:55:22,DELIVERED,WEST
906,356,2025-03-06 05:23:27,PLACED,EAST
907,481,2024-11-20 01:46:47,DELIVERED,CENTRAL
908,348,2025-06-13 23:11:54,CANCELLED,WEST
909,301,2025-06-15 04:42:01,RETURNED,EAST
910,166,2024-10-30 23:58:55,DELIVERED,NORTH
911,133,2024-01-04 14:22:49,DELIVERED,NORTH
912,506,2025-03-21 23:07:13,DELIVERED,NORTH
913,268,2025-01-31 07:46:48,SHIPPED,CENTRAL
914,,2023-07-20 10:48:45,SHIPPED,SOUTH
915,230,2025-04-26 10:37:35,DELIVERED,EAST
916,571,2025-04-13 22:35:58,CANCELLED,CENTRAL
917,107,2024-11-08 13:58:02,DELIVERED,WEST
918,114,2025-05-16 06:44:45,DELIVERED,NORTH
919,43,2025-02-11 00:51:51,DELIVERED,SOUTH
920,161,2025-05-28 08:41:45,DELIVERED,WEST
921,102,2023-12-14 20:16:51,DELIVERED,SOUTH
922,207,2025-01-09 12:47:14,DELIVERED,NORTH
923,486,2025-02-15 02:40:02,SHIPPED,EAST
924,425,2025-01-31 01:26:24,SHIPPED,CENTRAL
925,234,2024-10-08 14:12:01,DELIVERED,WEST
926,529,2025-03-27 11:58:53,DELIVERED,NORTH
927,530,2024-10-14 00:32:37,DELIVERED,SOUTH
928,403,28-06-2025 10:05:34,RETURNED,SOUTH
929,60,2025-05-13 17:22:15,DELIVERED,CENTRAL
930,322,10-02-2025 07:33:29,DELIVERED,CENTRAL
931,151,2024-12-08 17:57:05,SHIPPED,CENTRAL
932,453,2025-01-15 03:56:16,DELIVERED,WEST
933,309,31-03-2025 08:46:39,DELIVERED,SOUTH
934,554,2025-01-03 06:23:58,DELIVERED,EAST
935,164,09-06-2025 13:38:38,DELIVERED,CENTRAL
936,312,2024-11-22 08:33:15,SHIPPED,NORTH
937,266,2025-05-24 17:58:58,SHIPPED,NORTH
938,587,2025-03-01 00:17:46,RETURNED,CENTRAL
939,547,2025-04-07 22:32:31,DELIVERED,EAST
940,587,2025-03-27 04:18:51,DELIVERED,SOUTH
941,529,2025-06-21 04:04:22,DELIVERED,WEST
942,436,2025-06-27 17:35:54,PLACED,WEST
943,488,2025-01-03 09:56:08,DELIVERED,CENTRAL
944,573,2025-04-22 12:55:04,CANCELLED,CENTRAL
945,434,2025-03-25 10:55:16,RETURNED,WEST
946,148,2025-05-30 10:15:58,DELIVERED,SOUTH
947,526,2024-11-11 23:54:18,SHIPPED,WEST
948,,2023-09-30 19:42:13,DELIVERED,NORTH
949,419,2025-04-10 10:12:13,DELIVERED,NORTH
950,121,2025-01-17 06:19:36,DELIVERED,EAST
951,147,2023-09-20 09:40:40,DELIVERED,EAST
952,221,2025-04-26 13:12:04,DELIVERED,NORTH
953,70,2024-05-16 16:56:30,DELIVERED,CENTRAL
954,346,2025-06-15 21:24:27,CANCELLED,CENTRAL
955,142,2025-03-08 00:44:24,DELIVERED,WEST
956,334,2024-06-12 08:57:06,DELIVERED,WEST
957,405,2025-04-27 19:50:40,RETURNED,WEST
958,91,2024-02-06 15:16:59,DELIVERED,EAST
959,127,2025-02-10 03:25:49,SHIPPED,CENTRAL
960,55,2025-05-01 17:31:53,DELIVERED,CENTRAL
961,124,2025-04-21 02:34:42,PLACED,SOUTH
962,594,2025-03-29 12:31:07,DELIVERED,EAST
963,47,2025-06-18 10:25:49,PLACED,WEST
964,25,2025-06-29 17:33:46,DELIVERED,NORTH
965,102,2024-10-10 19:29:51,SHIPPED,EAST
966,158,2024-07-06 07:03:31,DELIVERED,NORTH
967,334,22-08-2024 22:37:09,PLACED,WEST
968,146,2024-09-10 15:34:29,DELIVERED,NORTH
969,246,2025-05-20 02:23:40,SHIPPED,CENTRAL
970,395,2024-02-13 09:16:20,DELIVERED,CENTRAL
971,496,2024-04-16 10:51:18,SHIPPED,NORTH
972,104,2024-01-31 07:39:53,DELIVERED,SOUTH
973,417,2025-04-15 04:51:21,DELIVERED,SOUTH
974,146,2024-08-10 22:54:49,SHIPPED,SOUTH
975,434,2025-06-24 23:51:50,PLACED,WEST
976,297,15-08-2024 00:13:14,RETURNED,WEST
977,257,2025-05-08 00:35:33,RETURNED,SOUTH
978,523,14-03-2025 15:00:20,DELIVERED,CENTRAL
979,92,2025-06-07 18:15:15,CANCELLED,CENTRAL
980,443,2025-02-22 22:37:58,RETURNED,EAST
981,351,2025-02-17 12:03:24,DELIVERED,EAST
982,330,2025-05-23 08:06:37,RETURNED,EAST
983,,2024-11-19 08:55:36,RETURNED,CENTRAL
984,10,2025-06-07 12:09:22,DELIVERED,WEST
985,552,2025-05-11 21:05:25,DELIVERED,NORTH
986,456,2025-03-04 03:34:19,RETURNED,WEST
987,367,2025-04-18 02:23:25,DELIVERED,NORTH
988,380,2025-01-17 22:48:18,SHIPPED,NORTH
989,367,2025-03-11 04:30:32,DELIVERED,EAST
990,227,2025-04-19 11:43:16,RETURNED,NORTH
991,215,2023-09-02 13:00:48,CANCELLED,WEST
992,285,2024-10-17 00:50:04,SHIPPED,SOUTH
993,580,2024-12-11 02:15:37,DELIVERED,NORTH
994,67,2024-12-20 11:44:31,DELIVERED,SOUTH
995,281,2024-06-22 00:22:19,PLACED,CENTRAL
996,574,02-06-2025 06:53:53,DELIVERED,NORTH
997,331,2025-04-20 23:16:56,DELIVERED,NORTH
998,478,2025-04-06 05:32:44,DELIVERED,SOUTH
999,,2025-05-14 08:03:29,DELIVERED,NORTH
1000,343,2023-09-07 13:01:42,CANCELLED,SOUTH
1001,434,2025-01-13 10:55:02,SHIPPED,EAST
1002,100,2025-05-23 08:28:26,CANCELLED,CENTRAL
1003,343,2025-04-18 20:11:49,SHIPPED,SOUTH
1004,56,2025-03-03 13:16:11,SHIPPED,NORTH
1005,450,2025-05-05 11:49:47,DELIVERED,NORTH
1006,63,2024-09-11 22:47:08,CANCELLED,NORTH
1007,64,2025-05-19 21:33:36,PLACED,CENTRAL
1008,68,2025-01-21 13:06:06,DELIVERED,EAST
1009,412,2023-09-23 10:24:19,DELIVERED,CENTRAL
1010,11,2025-02-03 04:11:53,DELIVERED,CENTRAL
1011,348,2025-02-28 19:01:38,DELIVERED,WEST
1012,198,2025-01-24 22:41:39,DELIVERED,NORTH
1013,199,2024-11-26 05:26:55,DELIVERED,EAST
1014,456,2024-02-20 09:51:48,DELIVERED,NORTH
1015,599,2025-06-17 13:53:59,DELIVERED,EAST
1016,555,2024-05-02 02:38:27,DELIVERED,EAST
1017,9,2025-05-26 12:33:59,DELIVERED,NORTH
1018,573,2024-10-24 04:58:36,SHIPPED,SOUTH
1019,207,2025-05-23 23:11:21,SHIPPED,WEST
1020,479,2025-01-16 20:22:46,CANCELLED,CENTRAL
1021,307,2025-05-02 07:15:41,SHIPPED,NORTH
1022,4,2025-05-07 01:44:25,SHIPPED,CENTRAL
1023,493,2025-01-29 11:53:22,DELIVERED,WEST
1024,7,15-12-2024 21:42:03,DELIVERED,CENTRAL
1025,298,2025-04-26 01:48:08,DELIVERED,EAST
1026,,2023-06-24 01:22:45,DELIVERED,SOUTH
1027,179,2025-05-11 23:39:51,SHIPPED,SOUTH
1028,,2025-03-16 16:26:54,SHIPPED,SOUTH
1029,114,2025-06-07 20:29:24,DELIVERED,SOUTH
1030,382,2025-01-18 08:13:53,DELIVERED,CENTRAL
1031,67,2024-12-17 00:26:16,RETURNED,SOUTH
1032,388,2025-03-13 15:50:50,DELIVERED,SOUTH
1033,194,2025-06-19 19:54:55,DELIVERED,EAST
1034,287,2025-06-17 23:07:52,DELIVERED,CENTRAL
1035,215,2025-03-14 21:49:39,DELIVERED,CENTRAL
1036,521,2024-09-19 11:00:13,DELIVERED,CENTRAL
1037,532,2025-06-25 15:13:39,DELIVERED,CENTRAL
1038,507,2025-05-05 23:52:22,DELIVERED,CENTRAL
1039,213,2025-02-18 06:07:59,DELIVERED,SOUTH
1040,314,2025-02-17 03:00:00,DELIVERED,EAST
1041,87,2024-01-11 08:05:54,DELIVERED,CENTRAL
1042,598,2025-02-01 23:44:23,DELIVERED,WEST
1043,443,2025-04-02 09:51:29,DELIVERED,EAST
1044,184,2025-05-26 12:50:06,DELIVERED,EAST
1045,302,2024-11-16 17:34:33,DELIVERED,EAST
1046,101,2024-08-21 02:38:18,PLACED,SOUTH
1047,338,2024-12-28 02:23:21,CANCELLED,EAST
1048,142,2025-06-12 04:43:16,DELIVERED,EAST
1049,,2024-01-19 14:36:10,DELIVERED,WEST
1050,594,19-06-2025 11:55:04,DELIVERED,SOUTH
1051,234,2024-11-12 03:06:23,SHIPPED,SOUTH
1052,566,2025-03-26 01:54:56,DELIVERED,NORTH
1053,193,2025-06-15 06:19:12,DELIVERED,SOUTH
1054,572,2024-11-24 16:35:25,DELIVERED,SOUTH
1055,10,2025-01-24 04:57:04,CANCELLED,EAST
1056,436,2025-05-03 07:46:21,DELIVERED,CENTRAL
1057,24,2025-02-20 20:24:36,RETURNED,SOUTH
1058,339,2025-06-12 13:59:25,DELIVERED,CENTRAL
1059,401,2025-03-06 02:08:47,DELIVERED,CENTRAL
1060,487,2024-08-06 09:09:56,RETURNED,EAST
1061,107,2025-05-22 17:27:52,CANCELLED,CENTRAL
1062,192,2024-11-06 13:36:19,RETURNED,EAST
1063,299,2025-01-23 07:16:26,DELIVERED,EAST
1064,176,2024-11-20 21:44:11,DELIVERED,SOUTH
1065,133,2024-10-12 16:12:32,DELIVERED,WEST
1066,212,2023-12-06 22:06:47,DELIVERED,WEST
1067,589,2024-09-22 00:40:02,DELIVERED,WEST
1068,8,2024-04-22 19:58:17,CANCELLED,CENTRAL
1069,539,2024-12-09 17:29:26,CANCELLED,WEST
1070,41,2025-03-22 16:05:42,DELIVERED,WEST
1071,305,2024-11-08 18:27:10,CANCELLED,SOUTH
1072,184,2025-05-22 19:14:45,RETURNED,SOUTH
1073,98,2024-12-01 16:19:41,PLACED,SOUTH
1074,551,2025-03-23 08:36:29,PLACED,SOUTH
1075,422,2025-03-04 18:06:52,RETURNED,NORTH
1076,517,2025-05-22 20:19:51,DELIVERED,SOUTH
1077,519,2024-04-11 16:03:35,PLACED,WEST
1078,409,2025-06-19 16:46:03,PLACED,EAST
1079,140,2025-05-19 12:26:41,DELIVERED,WEST
1080,562,2025-02-03 02:20:24,DELIVERED,WEST
1081,166,2023-11-15 12:00:40,DELIVERED,SOUTH
1082,548,2025-05-07 18:58:53,DELIVERED,NORTH
1083,158,2024-10-18 06:27:37,SHIPPED,NORTH
1084,546,2024-09-09 21:38:08,PLACED,CENTRAL
1085,106,2024-11-19 09:39:16,DELIVERED,CENTRAL
1086,,2025-01-20 22:45:37,SHIPPED,SOUTH
1087,245,2024-10-02 16:00:06,DELIVERED,NORTH
1088,197,2024-04-06 01:36:06,CANCELLED,SOUTH
1089,46,2025-06-18 08:36:16,CANCELLED,EAST
1090,195,2025-05-11 14:22:39,DELIVERED,WEST
1091,219,2023-10-20 05:50:43,SHIPPED,WEST
1092,13,2025-05-02 13:44:28,SHIPPED,EAST
1093,378,2025-02-22 12:46:13,SHIPPED,EAST
1094,512,2025-06-29 17:23:50,DELIVERED,CENTRAL
1095,98,2025-05-10 22:20:02,DELIVERED,WEST
1096,137,2024-07-12 21:47:46,DELIVERED,EAST
1097,494,2024-03-01 10:32:33,DELIVERED,CENTRAL
1098,524,2025-03-18 18:44:59,DELIVERED,NORTH
1099,128,2024-05-31 21:21:20,DELIVERED,SOUTH
1100,62,2024-03-25 20:13:12,DELIVERED,SOUTH
1101,39,2024-11-29 21:50:02,DELIVERED,WEST
1102,337,2025-02-05 01:43:46,DELIVERED,NORTH
1103,425,2025-05-22 16:13:49,DELIVERED,SOUTH
1104,340,2024-05-02 04:55:14,DELIVERED,SOUTH
1105,228,2025-01-29 07:07:10,DELIVERED,SOUTH
1106,7,2024-08-22 02:16:22,PLACED,SOUTH
1107,145,2024-09-19 07:28:06,SHIPPED,CENTRAL
1108,210,2024-06-10 13:08:24,DELIVERED,WEST
1109,203,2024-09-27 05:43:55,DELIVERED,EAST
1110,460,2024-07-29 10:23:12,DELIVERED,NORTH
1111,369,2024-12-14 07:48:54,DELIVERED,WEST
1112,444,2024-08-28 01:47:06,DELIVERED,NORTH
1113,438,2024-06-27 15:34:22,RETURNED,CENTRAL
1114,567,2024-12-28 09:42:17,DELIVERED,EAST
1115,385,2025-05-12 07:32:38,PLACED,SOUTH
1116,201,2023-10-20 04:16:22,PLACED,CENTRAL
1117,384,2025-06-27 17:10:12,DELIVERED,WEST
1118,383,2025-02-20 03:29:17,DELIVERED,CENTRAL
1119,40,2025-06-27 11:29:28,RETURNED,SOUTH
1120,447,2025-04-24 13:35:25,DELIVERED,EAST
1121,501,2025-06-29 15:36:36,DELIVERED,WEST
1122,253,2024-05-04 05:47:05,RETURNED,EAST
1123,29,2025-05-24 08:35:43,DELIVERED,SOUTH
1124,593,2025-06-12 15:57:41,PLACED,NORTH
1125,394,2025-06-18 15:39:27,RETURNED,NORTH
1126,194,2025-06-28 04:58:09,CANCELLED,EAST
1127,513,2025-06-19 01:47:47,DELIVERED,EAST
1128,92,2025-04-13 05:15:14,DELIVERED,EAST
1129,276,2024-05-09 17:50:21,DELIVERED,EAST
1130,,2023-10-09 19:10:44,PLACED,NORTH
1131,428,2025-06-11 18:00:02,DELIVERED,WEST
1132,384,2025-05-29 02:20:36,SHIPPED,SOUTH
1133,113,2024-12-07 00:55:33,SHIPPED,SOUTH
1134,188,2024-07-11 00:59:33,RETURNED,WEST
1135,112,2024-06-30 00:48:56,PLACED,NORTH
1136,351,2024-11-19 12:30:47,DELIVERED,NORTH
1137,,2023-12-24 16:06:16,PLACED,CENTRAL
1138,43,2024-03-29 05:15:46,DELIVERED,WEST
1139,273,2025-05-27 10:19:12,DELIVERED,WEST
1140,352,2025-06-19 07:15:44,RETURNED,WEST
1141,59,2025-06-25 09:15:03,DELIVERED,NORTH
1142,,2025-04-07 04:04:11,DELIVERED,SOUTH
1143,,2023-09-04 10:55:12,DELIVERED,SOUTH
1144,487,2025-06-17 22:41:33,SHIPPED,EAST
1145,,2024-03-06 18:43:09,RETURNED,EAST
1146,240,2025-04-22 08:24:30,DELIVERED,NORTH
1147,488,2025-06-24 16:09:51,RETURNED,WEST
1148,200,2025-05-18 21:35:25,CANCELLED,CENTRAL
1149,,2024-06-21 17:59:44,DELIVERED,CENTRAL
1150,479,2024-02-16 12:43:55,RETURNED,WEST
1151,247,2024-07-04 00:29:04,DELIVERED,NORTH
1152,30,2024-06-03 11:00:07,DELIVERED,WEST
1153,226,2024-11-18 02:32:38,RETURNED,NORTH
1154,548,2025-06-16 01:23:17,DELIVERED,SOUTH
1155,67,2025-03-14 07:05:46,DELIVERED,WEST
1156,576,2025-05-31 10:11:45,SHIPPED,NORTH
1157,115,2024-07-03 05:40:45,DELIVERED,SOUTH
1158,119,2024-10-15 22:29:35,CANCELLED,WEST
1159,2,2024-08-05 09:42:42,DELIVERED,WEST
1160,328,2025-06-28 08:39:06,DELIVERED,SOUTH
1161,228,2024-01-05 18:54:20,DELIVERED,WEST
1162,304,2024-04-24 00:40:14,DELIVERED,CENTRAL
1163,36,2024-10-14 03:56:17,DELIVERED,NORTH
1164,588,2024-08-24 11:50:11,SHIPPED,EAST
1165,386,2024-03-06 16:20:45,DELIVERED,SOUTH
1166,231,2025-05-04 00:08:06,RETURNED,SOUTH
1167,402,2025-03-31 01:54:55,DELIVERED,SOUTH
1168,562,2025-04-02 08:21:59,DELIVERED,EAST
1169,401,2024-11-05 21:26:27,DELIVERED,SOUTH
1170,562,2025-04-02 22:13:31,DELIVERED,CENTRAL
1171,56,2025-02-20 02:10:30,SHIPPED,SOUTH
1172,495,2025-04-23 06:16:09,SHIPPED,SOUTH
1173,10,2024-10-09 08:22:40,DELIVERED,SOUTH
1174,438,2024-09-01 15:54:08,PLACED,WEST
1175,54,2023-11-05 03:30:13,DELIVERED,CENTRAL
1176,153,2025-02-20 18:59:38,SHIPPED,WEST
1177,177,2025-06-22 20:16:54,DELIVERED,NORTH
1178,392,2024-04-29 18:23:55,DELIVERED,NORTH
1179,85,2024-04-11 19:12:21,DELIVERED,CENTRAL
1180,587,2025-06-19 04:39:06,DELIVERED,NORTH
1181,186,2024-07-20 05:31:51,DELIVERED,WEST
1182,129,2025-04-24 15:42:53,DELIVERED,CENTRAL
1183,21,2025-01-13 20:53:58,DELIVERED,CENTRAL
1184,532,2025-06-27 02:18:44,CANCELLED,NORTH
1185,213,2025-01-09 13:33:29,DELIVERED,SOUTH
1186,,2024-05-13 09:01:30,SHIPPED,SOUTH
1187,166,2023-09-12 05:06:02,CANCELLED,NORTH
1188,128,2024-11-01 03:17:18,RETURNED,SOUTH
1189,1,2025-01-13 10:40:09,RETURNED,CENTRAL
1190,301,2025-06-08 23:56:54,SHIPPED,WEST
1191,536,2025-01-19 11:56:20,DELIVERED,NORTH
1192,46,01-06-2025 00:29:01,SHIPPED,SOUTH
1193,566,2024-09-10 19:16:36,DELIVERED,CENTRAL
1194,564,2025-03-21 12:14:02,DELIVERED,SOUTH
1195,86,2025-03-19 08:33:42,RETURNED,SOUTH
1196,73,2025-06-15 12:00:03,RETURNED,SOUTH
1197,578,2024-10-07 09:59:04,SHIPPED,WEST
1198,254,2024-03-21 05:09:47,DELIVERED,CENTRAL
1199,338,2025-05-28 14:53:12,RETURNED,EAST
1200,232,07-07-2024 13:08:45,DELIVERED,SOUTH
1201,108,2025-06-03 23:36:21,SHIPPED,EAST
1202,502,2023-10-18 05:00:18,DELIVERED,EAST
1203,102,2023-09-23 06:06:01,RETURNED,WEST
1204,545,2024-09-12 11:54:20,CANCELLED,WEST
1205,266,2025-01-24 20:15:41,DELIVERED,SOUTH
1206,582,2024-10-30 16:08:10,DELIVERED,EAST
1207,256,2025-06-23 07:17:21,SHIPPED,EAST
1208,515,2024-10-27 18:42:21,DELIVERED,SOUTH
1209,90,2025-01-28 09:56:36,DELIVERED,NORTH
1210,79,2025-01-20 05:18:16,SHIPPED,NORTH
1211,293,2025-06-09 14:34:18,CANCELLED,NORTH
1212,435,2025-04-25 22:24:19,DELIVERED,WEST
1213,546,2024-06-30 20:25:10,DELIVERED,NORTH
1214,548,2025-04-20 00:11:53,DELIVERED,CENTRAL
1215,44,2025-06-24 17:49:14,SHIPPED,CENTRAL
1216,180,2023-11-29 08:22:57,SHIPPED,EAST
1217,433,2025-06-12 05:14:02,DELIVERED,NORTH
1218,256,2025-06-29 04:07:11,CANCELLED,EAST
1219,301,2025-05-01 16:54:50,DELIVERED,CENTRAL
1220,313,2024-06-28 12:26:48,CANCELLED,WEST
1221,7,2025-03-24 01:09:27,DELIVERED,NORTH
1222,,2025-04-22 10:27:40,DELIVERED,NORTH
1223,504,2024-09-26 17:14:51,DELIVERED,SOUTH
1224,500,2025-06-13 04:01:32,DELIVERED,SOUTH
1225,384,2025-06-09 01:23:04,CANCELLED,CENTRAL
1226,112,2025-01-27 15:34:33,DELIVERED,SOUTH
1227,445,2025-02-26 03:04:39,CANCELLED,SOUTH
1228,292,2023-11-19 06:25:55,DELIVERED,EAST
1229,165,2025-04-22 10:57:28,DELIVERED,EAST
1230,501,2025-06-21 09:52:51,DELIVERED,SOUTH
1231,410,2024-07-05 19:19:19,DELIVERED,WEST
1232,111,2024-01-14 10:18:20,DELIVERED,NORTH
1233,243,2023-12-30 10:05:34,DELIVERED,CENTRAL
1234,445,2025-05-29 05:51:41,DELIVERED,WEST
1235,157,2025-05-09 05:05:21,SHIPPED,NORTH
1236,254,2025-06-21 13:17:59,SHIPPED,NORTH
1237,515,2024-08-06 17:35:37,CANCELLED,SOUTH
1238,136,15-05-2025 23:03:27,RETURNED,SOUTH
1239,205,2025-01-22 15:47:23,DELIVERED,CENTRAL
1240,237,2024-08-10 06:11:24,DELIVERED,CENTRAL
1241,53,2024-07-28 08:22:35,DELIVERED,EAST
1242,253,2024-07-03 10:15:58,SHIPPED,NORTH
1243,330,2025-04-28 03:53:13,DELIVERED,CENTRAL
1244,190,2025-03-07 23:37:51,DELIVERED,EAST
1245,14,2025-02-16 11:19:31,CANCELLED,EAST
1246,371,2025-06-11 10:05:53,DELIVERED,EAST
1247,394,2025-06-11 02:48:57,SHIPPED,CENTRAL
1248,196,2024-05-26 20:25:45,RETURNED,NORTH
1249,352,2025-06-18 15:14:43,RETURNED,SOUTH
1250,158,2023-12-15 00:41:53,DELIVERED,EAST
1251,574,2025-04-21 21:26:20,DELIVERED,NORTH
1252,70,2025-04-22 00:25:43,RETURNED,CENTRAL
1253,171,2025-04-30 08:15:30,RETURNED,EAST
1254,,2024-08-13 18:15:45,RETURNED,SOUTH
1255,408,2024-09-27 11:57:05,CANCELLED,NORTH
1256,522,2024-11-09 09:04:58,DELIVERED,CENTRAL
1257,189,2023-11-10 19:07:08,SHIPPED,NORTH
1258,526,2024-09-15 18:02:07,DELIVERED,EAST
1259,226,2024-12-18 04:37:10,DELIVERED,SOUTH
1260,547,2023-12-24 00:40:57,DELIVERED,EAST
1261,277,2024-10-18 00:12:03,SHIPPED,SOUTH
1262,2,2025-04-24 19:37:42,DELIVERED,EAST
1263,563,2024-02-13 02:01:42,DELIVERED,CENTRAL
1264,59,2025-04-18 13:09:47,CANCELLED,SOUTH
1265,287,2023-12-25 06:35:01,PLACED,CENTRAL
1266,392,2025-02-17 20:10:34,DELIVERED,CENTRAL
1267,453,2024-10-10 09:00:35,SHIPPED,WEST
1268,238,2025-06-23 20:35:05,DELIVERED,WEST
1269,186,2024-09-16 19:39:08,CANCELLED,SOUTH
1270,185,2025-06-20 23:28:22,DELIVERED,SOUTH
1271,193,2025-04-06 11:40:46,DELIVERED,WEST
1272,413,2023-11-13 20:29:36,SHIPPED,NORTH
1273,387,29-04-2024 06:06:09,CANCELLED,NORTH
1274,86,2025-03-21 23:22:10,DELIVERED,NORTH
1275,10,2024-03-24 14:18:05,CANCELLED,NORTH
1276,492,2025-05-11 04:18:26,CANCELLED,EAST
1277,159,2025-01-23 16:27:47,DELIVERED,CENTRAL
1278,46,2025-05-18 23:34:37,SHIPPED,WEST
1279,230,2025-01-26 15:51:07,DELIVERED,EAST
1280,232,2025-05-22 14:27:59,CANCELLED,NORTH
1281,113,2024-06-14 09:24:07,RETURNED,EAST
1282,342,2024-01-07 22:13:19,RETURNED,NORTH
1283,155,2025-06-08 15:27:50,DELIVERED,SOUTH
1284,154,2025-04-20 03:26:19,DELIVERED,EAST
1285,107,2025-02-02 06:46:20,DELIVERED,EAST
1286,79,2024-10-19 20:18:27,RETURNED,SOUTH
1287,400,2025-04-30 23:00:20,DELIVERED,WEST
1288,116,2025-05-08 19:46:19,DELIVERED,SOUTH
1289,131,2025-03-20 07:35:11,DELIVERED,WEST
1290,424,2025-04-28 16:39:08,DELIVERED,SOUTH
1291,563,2024-08-12 02:39:30,DELIVERED,CENTRAL
1292,394,2025-06-11 00:42:39,DELIVERED,CENTRAL
1293,225,2025-04-06 22:36:55,PLACED,NORTH
1294,486,2024-09-06 18:20:52,PLACED,EAST
1295,143,2024-04-08 21:33:20,CANCELLED,CENTRAL
1296,432,2025-02-17 04:14:22,SHIPPED,SOUTH
1297,147,2024-03-21 04:22:44,DELIVERED,WEST
1298,109,2025-06-27 05:37:16,CANCELLED,SOUTH
1299,,2024-03-10 16:38:44,SHIPPED,NORTH
1300,427,2025-02-16 01:43:58,DELIVERED,SOUTH
1301,307,2025-05-12 07:13:06,DELIVERED,NORTH
1302,160,2024-11-29 07:14:52,PLACED,SOUTH
1303,12,2025-01-06 21:15:28,DELIVERED,WEST
1304,265,2025-04-23 04:02:00,DELIVERED,WEST
1305,279,2024-11-20 16:54:37,RETURNED,SOUTH
1306,411,2025-04-28 09:54:21,DELIVERED,CENTRAL
1307,80,2025-06-27 16:26:30,DELIVERED,WEST
1308,169,2024-12-13 05:34:36,DELIVERED,SOUTH
1309,107,2024-11-19 05:13:42,DELIVERED,EAST
1310,,2024-01-06 04:43:06,SHIPPED,SOUTH
1311,317,2024-07-13 19:47:53,DELIVERED,NORTH
1312,88,2024-09-30 19:51:31,DELIVERED,WEST
1313,,2024-01-31 08:12:06,DELIVERED,EAST
1314,408,2024-10-01 12:42:13,DELIVERED,EAST
1315,100,2025-06-07 02:00:49,DELIVERED,NORTH
1316,154,2024-08-13 04:45:47,DELIVERED,CENTRAL
1317,39,2025-01-09 08:13:02,DELIVERED,NORTH
1318,96,2025-01-20 22:23:22,CANCELLED,SOUTH
1319,165,2024-12-15 14:52:22,DELIVERED,CENTRAL
1320,350,2025-04-21 18:49:04,DELIVERED,EAST
1321,442,2024-03-29 01:53:40,DELIVERED,WEST
1322,77,2025-04-24 19:07:15,RETURNED,NORTH
1323,147,2025-01-17 05:11:24,DELIVERED,NORTH
1324,466,2024-10-20 20:04:12,DELIVERED,NORTH
1325,373,2025-06-20 03:42:14,SHIPPED,WEST
1326,485,2024-05-01 20:40:34,DELIVERED,SOUTH
1327,583,10-04-2025 05:48:26,CANCELLED,WEST
1328,133,2024-07-30 09:37:24,CANCELLED,EAST
1329,424,2025-03-22 11:43:30,CANCELLED,NORTH
1330,59,2025-05-10 21:30:31,DELIVERED,CENTRAL
1331,,2025-03-24 14:11:13,DELIVERED,CENTRAL
1332,75,2024-04-17 05:58:38,DELIVERED,NORTH
1333,480,2025-03-23 12:23:21,CANCELLED,NORTH
1334,111,2024-11-01 07:35:19,SHIPPED,EAST
1335,351,2025-05-15 20:35:53,DELIVERED,NORTH
1336,40,2025-05-21 22:07:52,DELIVERED,SOUTH
1337,33,2025-03-13 10:26:51,PLACED,EAST
1338,485,2024-03-29 18:27:09,CANCELLED,WEST
1339,181,2024-02-21 22:15:16,DELIVERED,NORTH
1340,463,2025-02-18 00:05:28,DELIVERED,EAST
1341,56,2024-11-29 21:36:53,DELIVERED,EAST
1342,358,2025-04-04 18:18:18,DELIVERED,SOUTH
1343,448,2024-09-30 11:56:42,DELIVERED,NORTH
1344,204,2024-04-18 10:27:34,DELIVERED,SOUTH
1345,325,2025-01-01 18:06:54,DELIVERED,SOUTH
1346,325,2025-01-21 01:26:47,DELIVERED,EAST
1347,4,2025-02-22 23:30:50,CANCELLED,WEST
1348,593,22-02-2025 22:07:53,DELIVERED,SOUTH
1349,560,2024-05-21 00:20:51,SHIPPED,SOUTH
1350,591,2023-07-14 03:53:42,DELIVERED,EAST
1351,515,2024-06-23 21:25:18,DELIVERED,WEST
1352,361,2025-05-15 09:25:23,DELIVERED,EAST
1353,181,2024-12-09 09:05:28,SHIPPED,CENTRAL
1354,447,2025-05-19 02:12:50,DELIVERED,WEST
1355,102,2023-10-24 01:21:30,SHIPPED,NORTH
1356,422,2023-10-10 12:38:51,DELIVERED,CENTRAL
1357,455,2025-02-25 11:40:09,PLACED,EAST
1358,217,2024-07-20 02:46:21,DELIVERED,NORTH
1359,481,2024-06-02 15:44:24,DELIVERED,WEST
1360,406,2023-09-28 21:46:11,DELIVERED,CENTRAL
1361,271,2025-02-21 09:08:41,DELIVERED,WEST
1362,5,03-10-2024 23:53:46,PLACED,EAST
1363,532,2025-06-29 22:51:08,DELIVERED,SOUTH
1364,441,2025-01-24 22:01:45,DELIVERED,CENTRAL
1365,53,2025-02-25 19:58:19,RETURNED,WEST
1366,178,2025-05-12 06:40:14,DELIVERED,WEST
1367,130,2025-06-12 11:30:07,DELIVERED,WEST
1368,267,2024-09-09 12:57:57,SHIPPED,NORTH
1369,,2023-06-09 23:05:10,DELIVERED,NORTH
1370,557,2024-07-21 04:25:33,PLACED,SOUTH
1371,367,2025-03-10 05:24:36,CANCELLED,EAST
1372,252,2025-06-15 01:43:27,DELIVERED,EAST
1373,282,2025-05-20 00:39:33,DELIVERED,CENTRAL
1374,114,2025-06-19 13:50:42,SHIPPED,SOUTH
1375,185,2024-04-16 01:29:28,CANCELLED,SOUTH
1376,503,2023-12-27 01:18:27,DELIVERED,NORTH
1377,430,2025-02-28 20:48:43,DELIVERED,WEST
1378,185,23-09-2024 01:11:47,SHIPPED,CENTRAL
1379,33,2024-09-06 12:26:58,RETURNED,WEST
1380,560,2024-01-16 21:28:41,DELIVERED,NORTH
1381,31,09-06-2025 00:51:49,DELIVERED,SOUTH
1382,374,2025-01-22 06:57:10,PLACED,SOUTH
1383,130,2025-05-31 23:45:56,SHIPPED,NORTH
1384,565,2024-11-13 14:32:19,CANCELLED,WEST
1385,410,2025-05-28 09:48:53,SHIPPED,EAST
1386,106,2025-04-18 07:59:31,DELIVERED,SOUTH
1387,500,2025-06-23 12:30:55,DELIVERED,EAST
1388,111,2025-04-13 16:48:41,SHIPPED,EAST
1389,66,2025-01-26 01:29:10,PLACED,CENTRAL
1390,420,2024-10-06 23:22:18,CANCELLED,CENTRAL
1391,31,2025-04-29 03:09:13,DELIVERED,SOUTH
1392,75,2024-04-11 03:19:24,DELIVERED,EAST
1393,327,2025-03-01 02:48:08,SHIPPED,CENTRAL
1394,239,2025-06-19 15:10:45,DELIVERED,SOUTH
1395,106,2025-03-31 17:01:41,DELIVERED,NORTH
1396,432,2025-05-03 00:24:35,DELIVERED,SOUTH
1397,,2024-06-18 15:36:07,RETURNED,WEST
1398,464,2025-06-12 07:23:32,DELIVERED,SOUTH
1399,292,2023-11-01 20:29:33,CANCELLED,NORTH
1400,292,2024-01-28 19:05:56,DELIVERED,CENTRAL
1401,41,2024-05-16 01:24:10,PLACED,NORTH
1402,426,2025-03-11 18:25:32,DELIVERED,EAST
1403,570,2025-05-05 15:50:27,DELIVERED,WEST
1404,466,2024-12-29 14:13:50,RETURNED,NORTH
1405,106,2024-02-12 17:58:16,CANCELLED,SOUTH
1406,331,2025-04-23 09:42:35,PLACED,EAST
1407,551,2024-12-01 22:03:24,CANCELLED,EAST
1408,45,24-06-2025 16:08:12,DELIVERED,EAST
1409,389,2024-11-03 19:45:45,RETURNED,CENTRAL
1410,130,2025-06-03 12:02:58,DELIVERED,WEST
1411,126,2025-05-30 15:47:51,DELIVERED,WEST
1412,330,2025-06-19 17:34:28,DELIVERED,EAST
1413,362,2025-05-29 10:52:10,SHIPPED,SOUTH
1414,77,2025-05-28 00:30:53,PLACED,SOUTH
1415,395,2024-04-09 23:02:05,DELIVERED,CENTRAL
1416,527,2025-03-20 20:21:32,DELIVERED,WEST
1417,517,2025-01-14 12:24:48,SHIPPED,EAST
1418,464,2025-06-28 22:13:44,DELIVERED,NORTH
1419,169,2025-03-21 06:48:55,DELIVERED,NORTH
1420,110,2025-05-02 16:46:57,CANCELLED,SOUTH
1421,488,2025-06-26 01:13:12,DELIVERED,NORTH
1422,87,2024-06-30 06:59:42,SHIPPED,CENTRAL
1423,342,2023-11-18 06:55:10,DELIVERED,NORTH
1424,433,2025-04-14 15:47:12,DELIVERED,CENTRAL
1425,506,2025-05-02 16:56:13,DELIVERED,SOUTH
1426,225,2025-04-12 08:48:52,PLACED,EAST
1427,545,2023-09-28 11:22:22,CANCELLED,WEST
1428,104,2024-01-10 19:00:53,CANCELLED,EAST
1429,176,2025-05-18 03:30:45,DELIVERED,CENTRAL
1430,4,2024-10-07 14:24:15,RETURNED,CENTRAL
1431,313,2024-12-03 08:11:22,DELIVERED,SOUTH
1432,467,2024-07-10 03:58:15,DELIVERED,WEST
1433,182,2024-07-24 22:11:18,SHIPPED,NORTH
1434,486,2024-05-26 18:45:43,SHIPPED,NORTH
1435,,2023-06-14 12:11:18,RETURNED,SOUTH
1436,172,2025-06-20 14:31:11,PLACED,EAST
1437,344,2025-02-19 13:22:49,DELIVERED,CENTRAL
1438,499,2024-08-19 22:16:09,PLACED,EAST
1439,342,2024-11-13 05:04:13,CANCELLED,CENTRAL
1440,277,2025-06-21 07:58:17,DELIVERED,SOUTH
1441,226,2024-08-20 00:13:58,PLACED,CENTRAL
1442,442,2024-12-02 04:04:23,PLACED,WEST
1443,281,2025-05-25 22:06:30,CANCELLED,WEST
1444,540,2024-09-10 22:40:23,DELIVERED,EAST
1445,428,2024-11-30 13:37:11,PLACED,CENTRAL
1446,126,2025-05-22 02:02:02,DELIVERED,EAST
1447,9,2025-05-22 21:10:06,SHIPPED,SOUTH
1448,297,2025-06-14 12:29:58,DELIVERED,EAST
1449,302,2023-11-05 02:39:48,SHIPPED,CENTRAL
1450,501,28-05-2025 16:36:56,DELIVERED,NORTH
1451,,2023-09-15 23:15:51,DELIVERED,CENTRAL
1452,575,2024-05-13 10:05:57,DELIVERED,SOUTH
1453,202,2025-05-15 22:45:04,PLACED,SOUTH
1454,,2025-05-25 15:09:52,CANCELLED,WEST
1455,101,2024-12-09 22:15:22,DELIVERED,SOUTH
1456,331,2024-09-05 02:26:07,SHIPPED,SOUTH
1457,205,2025-03-04 11:03:06,DELIVERED,WEST
1458,385,2025-03-24 16:08:10,DELIVERED,EAST
1459,367,2025-05-03 22:48:13,DELIVERED,WEST
1460,573,2024-10-13 06:16:19,DELIVERED,SOUTH
1461,310,2025-05-02 23:53:05,DELIVERED,SOUTH
1462,580,2025-05-19 19:28:32,DELIVERED,WEST
1463,7,2025-01-23 17:40:53,CANCELLED,WEST
1464,87,2023-11-10 11:32:48,RETURNED,NORTH
1465,100,2025-06-05 02:32:47,DELIVERED,NORTH
1466,599,2025-06-23 08:52:26,DELIVERED,SOUTH
1467,576,2025-06-29 21:18:47,SHIPPED,SOUTH
1468,319,2025-05-30 06:53:22,PLACED,WEST
1469,206,2025-04-01 06:34:55,SHIPPED,NORTH
1470,254,2024-06-27 16:18:35,PLACED,CENTRAL
1471,57,2024-03-26 14:43:45,DELIVERED,SOUTH
1472,560,2024-08-02 03:48:46,DELIVERED,CENTRAL
1473,150,22-06-2025 10:36:42,SHIPPED,SOUTH
1474,560,2024-06-16 14:48:50,DELIVERED,NORTH
1475,505,2024-12-26 07:42:10,DELIVERED,NORTH
1476,436,06-10-2024 13:00:43,DELIVERED,CENTRAL
1477,595,02-03-2025 18:58:16,DELIVERED,CENTRAL
1478,364,2025-01-01 02:24:10,DELIVERED,EAST
1479,,2023-10-01 23:11:48,CANCELLED,CENTRAL
1480,538,2024-05-09 09:45:54,SHIPPED,SOUTH
1481,577,2024-11-13 18:25:19,CANCELLED,SOUTH
1482,311,2025-06-13 02:57:36,CANCELLED,WEST
1483,484,2025-01-09 13:42:34,DELIVERED,CENTRAL
1484,539,2024-11-12 16:09:41,DELIVERED,CENTRAL
1485,414,07-02-2025 02:53:56,CANCELLED,SOUTH
1486,109,2025-06-23 05:52:57,DELIVERED,SOUTH
1487,243,2024-02-09 21:23:28,SHIPPED,WEST
1488,431,2024-11-22 23:58:15,DELIVERED,NORTH
1489,75,2024-10-03 22:41:12,DELIVERED,NORTH
1490,329,2024-10-12 19:28:23,DELIVERED,CENTRAL
1491,201,2024-01-04 02:50:48,DELIVERED,SOUTH
1492,166,2024-06-07 03:31:15,CANCELLED,SOUTH
1493,25,2025-06-18 12:58:22,PLACED,NORTH
1494,6,2024-12-26 15:21:05,DELIVERED,NORTH
1495,541,2025-04-19 08:20:43,SHIPPED,WEST
1496,366,2025-06-25 05:51:32,CANCELLED,WEST
1497,386,2024-03-16 01:04:05,SHIPPED,CENTRAL
1498,121,2025-03-07 16:20:06,DELIVERED,EAST
1499,,2025-02-27 22:39:35,RETURNED,EAST
1500,367,2025-02-15 04:40:59,SHIPPED,EAST
1501,590,2024-04-12 11:59:32,RETURNED,CENTRAL
1502,59,2025-04-03 00:16:20,SHIPPED,WEST
1503,270,19-05-2025 20:16:54,DELIVERED,EAST
1504,61,2024-08-22 04:31:41,CANCELLED,EAST
1505,64,2023-12-06 00:13:22,CANCELLED,CENTRAL
1506,37,2024-06-27 15:01:43,RETURNED,CENTRAL
1507,83,2024-12-07 07:18:42,SHIPPED,NORTH
1508,509,2025-02-04 06:25:45,DELIVERED,WEST
1509,234,2024-08-24 07:51:56,PLACED,SOUTH
1510,389,2025-04-12 20:09:10,PLACED,WEST
1511,387,2024-12-27 03:57:04,DELIVERED,CENTRAL
1512,449,2024-05-20 15:32:26,RETURNED,EAST
1513,352,2025-06-25 04:35:17,SHIPPED,NORTH
1514,233,2025-05-25 02:30:44,CANCELLED,CENTRAL
1515,16,2025-06-26 21:19:05,PLACED,NORTH
1516,185,10-09-2024 11:58:15,DELIVERED,SOUTH
1517,133,2024-12-05 18:58:02,DELIVERED,NORTH
1518,557,2024-10-27 21:31:35,DELIVERED,EAST
1519,226,2025-04-11 12:13:08,RETURNED,CENTRAL
1520,251,2025-03-27 21:36:33,DELIVERED,NORTH
1521,421,2025-06-28 09:03:58,PLACED,SOUTH
1522,534,2024-11-14 12:45:02,DELIVERED,NORTH
1523,146,2023-11-22 20:37:18,DELIVERED,WEST
1524,22,2025-06-08 18:09:17,DELIVERED,CENTRAL
1525,87,2023-11-14 09:15:44,DELIVERED,WEST
1526,,2024-03-24 03:57:38,PLACED,SOUTH
1527,442,2025-04-15 14:22:09,DELIVERED,CENTRAL
1528,27,2025-06-19 20:38:10,CANCELLED,EAST
1529,222,2025-02-13 07:26:15,CANCELLED,WEST
1530,59,2025-05-23 18:44:28,DELIVERED,EAST
1531,548,2025-06-05 00:09:24,DELIVERED,CENTRAL
1532,391,2025-01-21 11:51:15,RETURNED,SOUTH
1533,288,2025-06-15 15:10:38,DELIVERED,SOUTH
1534,303,2024-10-31 02:01:46,PLACED,EAST
1535,257,2025-04-15 20:44:29,DELIVERED,NORTH
1536,583,2024-12-01 07:40:33,CANCELLED,WEST
1537,451,2023-09-25 21:21:42,RETURNED,WEST
1538,570,2024-02-28 04:52:42,DELIVERED,NORTH
1539,565,2024-11-28 21:52:43,DELIVERED,EAST
1540,283,2025-02-24 19:05:44,SHIPPED,SOUTH
1541,51,2024-02-22 17:19:44,PLACED,CENTRAL
1542,594,08-02-2025 05:46:16,DELIVERED,NORTH
1543,266,13-03-2025 23:46:51,CANCELLED,EAST
1544,46,2025-05-31 18:52:59,PLACED,WEST
1545,80,2025-06-24 21:01:30,DELIVERED,WEST
1546,437,2024-10-06 21:04:32,DELIVERED,EAST
1547,418,2025-06-28 21:23:03,DELIVERED,EAST
1548,165,03-09-2024 01:38:43,RETURNED,CENTRAL
1549,,2024-09-16 01:17:38,DELIVERED,CENTRAL
1550,353,2024-12-31 10:43:17,DELIVERED,SOUTH
1551,81,2024-01-30 01:11:22,RETURNED,CENTRAL
1552,589,2025-05-28 14:05:52,DELIVERED,NORTH
1553,541,2025-06-16 23:54:26,DELIVERED,CENTRAL
1554,325,2025-02-20 06:28:56,DELIVERED,SOUTH
1555,371,2024-09-06 08:06:52,DELIVERED,NORTH
1556,456,2025-04-20 04:21:03,DELIVERED,NORTH
1557,518,2023-10-10 09:00:54,DELIVERED,CENTRAL
1558,429,2024-08-15 11:05:54,CANCELLED,SOUTH
1559,251,2025-05-21 07:16:11,DELIVERED,CENTRAL
1560,294,2024-11-17 07:21:35,PLACED,WEST
1561,152,2025-06-24 22:12:16,CANCELLED,SOUTH
1562,465,2023-12-28 01:10:09,DELIVERED,CENTRAL
1563,482,2024-11-22 05:20:42,PLACED,WEST
1564,,2023-10-08 15:54:20,SHIPPED,CENTRAL
1565,433,2025-05-15 19:28:24,DELIVERED,SOUTH
1566,122,2024-03-20 14:33:41,CANCELLED,CENTRAL
1567,111,2024-02-02 03:17:30,RETURNED,WEST
1568,461,2025-04-26 04:55:35,DELIVERED,SOUTH
1569,522,2024-03-21 01:56:57,PLACED,CENTRAL
1570,465,2024-10-05 16:03:17,SHIPPED,CENTRAL
1571,100,2025-06-02 06:36:23,DELIVERED,CENTRAL
1572,538,2024-10-03 08:46:52,RETURNED,EAST
1573,327,2025-04-02 15:28:40,PLACED,SOUTH
1574,285,2024-10-21 17:20:45,DELIVERED,EAST
1575,122,2024-02-11 13:47:07,DELIVERED,SOUTH
1576,266,2025-05-20 16:57:28,RETURNED,EAST
1577,212,2024-10-29 21:04:21,DELIVERED,NORTH
1578,41,2024-10-20 07:09:21,SHIPPED,WEST
1579,27,2024-04-26 00:44:07,RETURNED,CENTRAL
1580,456,2024-11-06 14:09:57,DELIVERED,NORTH
1581,123,2025-05-05 07:04:39,DELIVERED,NORTH
1582,286,2025-05-13 01:39:37,RETURNED,NORTH
1583,228,2025-05-01 23:00:10,SHIPPED,EAST
1584,526,2025-03-03 00:30:24,DELIVERED,EAST
1585,40,2025-05-11 01:50:35,DELIVERED,CENTRAL
1586,572,2024-11-26 20:09:11,DELIVERED,SOUTH
1587,386,2024-07-10 01:00:12,DELIVERED,SOUTH
1588,192,2025-06-25 19:39:04,SHIPPED,NORTH
1589,220,2023-12-08 11:36:34,DELIVERED,CENTRAL
1590,183,2024-10-14 01:45:39,DELIVERED,WEST
1591,241,2025-04-02 10:09:17,DELIVERED,SOUTH
1592,238,2025-05-12 08:40:45,DELIVERED,WEST
1593,557,2025-05-29 13:43:35,SHIPPED,EAST
1594,458,2025-01-02 17:50:26,DELIVERED,SOUTH
1595,327,2025-03-21 01:07:02,DELIVERED,SOUTH
1596,496,2025-04-08 22:52:16,DELIVERED,NORTH
1597,520,2024-08-06 01:52:10,DELIVERED,NORTH
1598,331,2024-12-09 04:40:31,DELIVERED,WEST
1599,267,2024-06-20 10:26:23,DELIVERED,EAST
1600,47,2025-05-13 21:45:49,SHIPPED,SOUTH
1601,113,2025-04-12 08:48:52,SHIPPED,CENTRAL
1602,,12-12-2024 23:19:09,DELIVERED,EAST
1603,567,2023-08-01 07:04:09,DELIVERED,EAST
1604,161,2025-06-21 00:16:07,DELIVERED,EAST
1605,383,2025-01-30 17:49:25,DELIVERED,SOUTH
1606,37,2023-10-18 13:21:21,DELIVERED,CENTRAL
1607,497,2025-02-13 05:03:47,DELIVERED,SOUTH
1608,254,2024-02-16 05:40:04,SHIPPED,WEST
1609,135,2024-12-18 17:08:23,PLACED,CENTRAL
1610,426,12-09-2023 15:42:04,CANCELLED,CENTRAL
1611,98,2025-05-01 20:45:51,SHIPPED,CENTRAL
1612,332,2025-06-28 03:50:04,PLACED,EAST
1613,103,2024-07-15 06:20:56,DELIVERED,WEST
1614,96,2025-01-17 07:32:51,DELIVERED,WEST
1615,547,2024-07-19 11:35:14,PLACED,WEST
1616,382,2025-04-07 09:45:56,SHIPPED,SOUTH
1617,26,2025-04-16 07:33:27,DELIVERED,WEST
1618,319,2024-12-31 02:31:23,DELIVERED,NORTH
1619,174,2024-10-25 15:44:05,DELIVERED,SOUTH
1620,413,2024-12-18 20:10:40,DELIVERED,CENTRAL
1621,61,2025-05-24 05:58:24,DELIVERED,EAST
1622,38,2024-03-25 16:07:53,DELIVERED,NORTH
1623,215,2025-04-05 10:55:37,DELIVERED,WEST
1624,242,2025-01-18 23:29:39,DELIVERED,CENTRAL
1625,84,2024-03-13 14:09:35,PLACED,SOUTH
1626,166,2024-08-12 20:21:56,SHIPPED,WEST
1627,117,2024-01-20 08:10:02,DELIVERED,CENTRAL
1628,561,2024-10-23 18:49:53,DELIVERED,WEST
1629,278,2024-12-10 19:44:06,CANCELLED,CENTRAL
1630,145,2024-10-22 16:49:48,SHIPPED,CENTRAL
1631,381,2025-04-29 09:56:27,DELIVERED,SOUTH
1632,139,2024-12-13 18:48:39,CANCELLED,NORTH
1633,184,2025-02-02 09:21:17,RETURNED,NORTH
1634,193,2025-05-01 16:39:16,DELIVERED,EAST
1635,480,2025-03-04 20:43:01,DELIVERED,CENTRAL
1636,354,2024-05-30 23:23:33,DELIVERED,WEST
1637,314,2025-01-03 06:29:54,DELIVERED,EAST
1638,208,2024-01-21 04:15:34,SHIPPED,SOUTH
1639,270,2025-05-02 10:50:41,DELIVERED,CENTRAL
1640,393,2025-05-12 02:39:28,CANCELLED,CENTRAL
1641,485,2024-03-26 13:45:35,DELIVERED,SOUTH
1642,151,2024-05-20 07:55:37,CANCELLED,EAST
1643,54,2023-11-20 09:23:51,DELIVERED,WEST
1644,513,2025-01-08 13:16:57,DELIVERED,WEST
1645,364,2025-03-09 01:49:51,DELIVERED,NORTH
1646,220,2024-04-13 00:37:56,CANCELLED,SOUTH
1647,574,2025-05-28 12:26:48,DELIVERED,NORTH
1648,446,2025-04-16 05:56:20,PLACED,EAST
1649,355,2025-02-17 09:23:08,DELIVERED,SOUTH
1650,184,2024-12-10 03:28:27,DELIVERED,SOUTH
1651,,2024-01-28 02:06:07,RETURNED,EAST
1652,14,2024-12-19 07:05:41,DELIVERED,WEST
1653,260,2025-04-26 14:52:16,RETURNED,NORTH
1654,483,2025-01-05 21:28:59,DELIVERED,WEST
1655,559,2025-05-14 13:47:58,DELIVERED,CENTRAL
1656,157,2025-04-30 01:02:15,CANCELLED,SOUTH
1657,123,2025-02-18 21:12:09,DELIVERED,EAST
1658,558,2024-10-08 18:17:02,SHIPPED,CENTRAL
1659,341,2025-06-22 23:24:33,DELIVERED,SOUTH
1660,376,26-06-2025 06:23:42,DELIVERED,WEST
1661,63,2024-09-24 05:25:24,DELIVERED,SOUTH
1662,86,2025-03-03 12:18:19,DELIVERED,SOUTH
1663,420,2024-08-21 04:10:50,CANCELLED,NORTH
1664,575,2024-10-12 09:14:17,DELIVERED,NORTH
1665,475,2025-05-19 06:42:58,PLACED,NORTH
1666,21,2024-07-23 12:38:55,SHIPPED,EAST
1667,253,2024-06-24 01:28:41,DELIVERED,SOUTH
1668,136,2025-05-07 03:29:14,DELIVERED,SOUTH
1669,579,2024-06-28 02:06:36,CANCELLED,EAST
1670,182,2024-08-18 01:56:14,DELIVERED,NORTH
1671,593,2025-04-15 14:33:37,DELIVERED,WEST
1672,175,2024-06-17 12:43:01,DELIVERED,SOUTH
1673,216,2024-12-29 23:36:48,CANCELLED,EAST
1674,516,2024-11-09 10:46:41,DELIVERED,NORTH
1675,216,2024-08-15 13:27:18,DELIVERED,NORTH
1676,191,2025-05-12 03:19:08,DELIVERED,EAST
1677,35,2024-05-23 09:27:01,DELIVERED,NORTH
1678,487,2025-01-28 23:29:34,RETURNED,SOUTH
1679,314,2024-07-28 09:47:55,SHIPPED,NORTH
1680,468,2025-03-25 12:31:03,DELIVERED,WEST
1681,250,2024-05-10 04:20:05,DELIVERED,WEST
1682,308,2024-08-16 14:01:44,CANCELLED,CENTRAL
1683,437,2024-09-26 05:15:09,DELIVERED,NORTH
1684,171,2025-03-03 08:49:01,RETURNED,CENTRAL
1685,582,2024-07-23 09:23:08,DELIVERED,NORTH
1686,317,2024-06-07 21:01:23,DELIVERED,SOUTH
1687,152,2025-05-19 10:58:51,DELIVERED,NORTH
1688,209,2025-04-06 12:55:49,SHIPPED,CENTRAL
1689,384,2025-05-11 11:31:19,DELIVERED,WEST
1690,404,2025-05-30 16:32:58,DELIVERED,WEST
1691,249,2025-05-13 08:11:56,DELIVERED,EAST
1692,137,2024-09-03 14:22:11,CANCELLED,WEST
1693,547,2023-08-16 15:46:46,DELIVERED,CENTRAL
1694,,2025-04-18 20:33:33,DELIVERED,EAST
1695,514,2024-12-02 14:50:03,DELIVERED,NORTH
1696,142,2025-03-06 03:52:07,SHIPPED,WEST
1697,394,2025-06-24 21:00:31,SHIPPED,EAST
1698,493,2024-06-13 01:12:57,RETURNED,SOUTH
1699,530,2024-10-28 08:00:16,PLACED,NORTH
1700,415,2024-05-26 11:52:51,SHIPPED,CENTRAL
1701,466,2024-06-25 12:00:50,RETURNED,WEST
1702,56,2025-02-19 15:44:26,DELIVERED,NORTH
1703,462,2025-02-18 23:06:22,DELIVERED,EAST
1704,374,2025-01-21 16:25:47,RETURNED,CENTRAL
1705,82,09-03-2024 19:25:15,RETURNED,CENTRAL
1706,528,2025-06-06 16:48:29,DELIVERED,NORTH
1707,502,2024-07-27 11:41:42,CANCELLED,EAST
1708,346,2025-03-25 06:50:33,CANCELLED,CENTRAL
1709,301,2025-05-10 15:36:11,DELIVERED,EAST
1710,115,2025-01-27 11:31:11,DELIVERED,WEST
1711,87,2024-11-17 12:50:49,DELIVERED,WEST
1712,282,2025-06-01 18:24:15,DELIVERED,SOUTH
1713,537,2025-06-02 12:03:01,PLACED,EAST
1714,,2024-09-16 07:10:20,DELIVERED,NORTH
1715,81,2024-08-19 08:32:24,DELIVERED,WEST
1716,189,2025-06-10 00:44:47,DELIVERED,NORTH
1717,444,2024-07-28 10:19:38,DELIVERED,EAST
1718,553,2025-04-26 07:58:06,PLACED,CENTRAL
1719,448,2024-07-30 10:23:46,DELIVERED,EAST
1720,47,2025-05-31 09:56:23,DELIVERED,EAST
1721,,08-11-2023 21:18:04,DELIVERED,SOUTH
1722,474,2025-06-20 12:59:20,DELIVERED,NORTH
1723,19,2025-05-31 16:52:35,PLACED,EAST
1724,472,2025-05-26 07:45:25,DELIVERED,CENTRAL
1725,572,2024-11-17 21:08:06,DELIVERED,WEST
1726,511,2024-07-26 14:33:56,SHIPPED,WEST
1727,34,2025-06-22 11:15:23,DELIVERED,CENTRAL
1728,86,2025-03-10 07:15:31,DELIVERED,EAST
1729,323,2025-05-17 08:16:38,PLACED,CENTRAL
1730,361,2025-06-25 16:35:22,RETURNED,NORTH
1731,291,2025-02-09 02:23:30,RETURNED,WEST
1732,135,2025-03-12 22:25:29,CANCELLED,NORTH
1733,217,2024-04-23 22:20:39,SHIPPED,SOUTH
1734,411,2025-04-01 15:01:38,DELIVERED,WEST
1735,286,2025-02-22 00:31:41,DELIVERED,EAST
1736,546,2025-01-24 14:38:29,DELIVERED,WEST
1737,461,2025-01-07 23:02:45,SHIPPED,EAST
1738,,2025-03-06 13:49:44,DELIVERED,SOUTH
1739,101,2025-03-14 18:13:32,DELIVERED,WEST
1740,30,2025-05-25 16:41:03,DELIVERED,CENTRAL
1741,585,2025-04-18 08:06:50,PLACED,CENTRAL
1742,583,2025-03-28 13:06:21,RETURNED,NORTH
1743,399,2025-06-28 16:47:54,SHIPPED,SOUTH
1744,246,2024-10-08 01:05:05,DELIVERED,SOUTH
1745,301,2025-04-12 07:01:29,SHIPPED,WEST
1746,455,2024-11-15 22:31:08,RETURNED,CENTRAL
1747,340,2025-06-17 08:51:04,SHIPPED,WEST
1748,72,2025-04-01 16:02:21,DELIVERED,WEST
1749,482,2025-03-12 15:24:05,DELIVERED,EAST
1750,551,2025-01-15 23:38:01,DELIVERED,CENTRAL
1751,450,2024-09-27 10:54:09,PLACED,WEST
1752,41,2024-06-05 05:46:07,RETURNED,WEST
1753,128,2023-12-24 11:40:22,DELIVERED,CENTRAL
1754,115,2024-09-03 05:31:15,DELIVERED,SOUTH
1755,495,2025-04-15 09:32:00,DELIVERED,NORTH
1756,504,2025-04-30 05:49:53,DELIVERED,EAST
1757,339,2025-06-23 05:21:25,DELIVERED,EAST
1758,144,2025-02-28 17:50:30,PLACED,EAST
1759,299,2024-04-24 04:36:27,SHIPPED,EAST
1760,451,2025-02-22 22:49:29,DELIVERED,SOUTH
1761,300,2025-06-02 15:50:10,DELIVERED,NORTH
1762,598,2025-03-24 19:52:47,PLACED,EAST
1763,530,2025-02-21 14:44:46,RETURNED,EAST
1764,514,2025-04-03 01:27:11,DELIVERED,WEST
1765,538,2024-07-19 10:06:34,CANCELLED,NORTH
1766,67,2025-03-13 23:05:30,SHIPPED,SOUTH
1767,123,2025-06-14 05:12:14,DELIVERED,CENTRAL
1768,13,2025-05-28 18:34:06,DELIVERED,EAST
1769,409,2024-12-23 12:58:48,DELIVERED,NORTH
1770,548,2025-01-06 20:30:08,PLACED,CENTRAL
1771,251,2025-03-23 10:45:52,SHIPPED,SOUTH
1772,468,14-10-2024 21:46:25,DELIVERED,CENTRAL
1773,195,2025-06-22 19:11:54,PLACED,SOUTH
1774,63,2024-11-18 16:12:10,DELIVERED,CENTRAL
1775,101,2024-06-29 16:15:08,DELIVERED,SOUTH
1776,453,2024-06-25 18:25:53,PLACED,CENTRAL
1777,499,2024-09-24 23:40:39,DELIVERED,NORTH
1778,454,2025-06-11 03:26:31,CANCELLED,CENTRAL
1779,1,2025-01-14 18:27:33,DELIVERED,WEST
1780,337,2025-04-18 12:09:23,DELIVERED,EAST
1781,545,2024-01-21 10:06:23,DELIVERED,CENTRAL
1782,451,2023-12-14 13:57:08,RETURNED,WEST
1783,,2025-04-24 21:34:17,DELIVERED,SOUTH
1784,443,2025-05-23 16:17:46,RETURNED,WEST
1785,552,2025-05-21 17:37:06,SHIPPED,SOUTH
1786,514,2025-03-30 14:23:00,DELIVERED,NORTH
1787,216,2025-04-15 12:22:06,DELIVERED,SOUTH
1788,176,2025-06-13 00:32:44,DELIVERED,EAST
1789,486,2025-04-14 19:45:00,DELIVERED,EAST
1790,311,2025-06-12 00:00:10,DELIVERED,EAST
1791,323,2025-05-16 15:34:52,DELIVERED,WEST
1792,,2025-05-31 02:38:00,RETURNED,EAST
1793,144,2025-04-29 17:15:37,PLACED,SOUTH
1794,263,2024-12-03 11:42:22,PLACED,WEST
1795,334,2025-06-11 11:08:40,SHIPPED,SOUTH
1796,451,2024-04-18 19:02:27,SHIPPED,EAST
1797,482,2024-10-31 20:45:02,DELIVERED,WEST
1798,385,2024-10-29 00:52:22,DELIVERED,EAST
1799,449,2024-09-26 18:31:50,SHIPPED,NORTH
1800,424,2024-11-04 22:37:22,DELIVERED,CENTRAL
1801,91,2024-09-05 09:46:51,DELIVERED,EAST
1802,299,15-02-2025 14:31:08,DELIVERED,NORTH
1803,322,2025-02-23 13:48:28,DELIVERED,SOUTH
1804,480,2024-10-13 10:09:09,DELIVERED,EAST
1805,24,2024-03-25 22:49:16,DELIVERED,WEST
1806,50,2025-03-07 23:32:07,RETURNED,CENTRAL
1807,580,2024-06-11 14:07:39,RETURNED,EAST
1808,504,2024-10-29 18:27:20,DELIVERED,NORTH
1809,572,2024-12-26 15:02:14,DELIVERED,NORTH
1810,480,2025-03-10 21:54:19,SHIPPED,NORTH
1811,442,2024-09-29 01:08:09,CANCELLED,SOUTH
1812,75,2024-03-16 02:38:43,DELIVERED,CENTRAL
1813,443,2025-01-17 04:07:13,DELIVERED,CENTRAL
1814,20,2024-05-24 15:09:29,DELIVERED,EAST
1815,599,2025-06-23 08:56:49,DELIVERED,SOUTH
1816,589,2024-10-26 11:04:03,DELIVERED,CENTRAL
1817,152,2025-05-20 00:21:02,SHIPPED,CENTRAL
1818,41,2025-04-24 10:14:51,DELIVERED,NORTH
1819,323,2025-02-20 08:43:24,SHIPPED,SOUTH
1820,278,2024-04-29 23:02:25,SHIPPED,EAST
1821,,2025-04-12 16:21:01,DELIVERED,WEST
1822,,2025-04-04 19:58:59,DELIVERED,WEST
1823,,2024-05-06 15:06:21,SHIPPED,WEST
1824,128,2023-12-16 02:52:59,DELIVERED,CENTRAL
1825,125,2023-12-23 12:21:32,SHIPPED,WEST
1826,367,2025-06-27 13:46:26,DELIVERED,SOUTH
1827,520,2024-11-26 12:14:53,DELIVERED,WEST
1828,,2024-03-22 04:15:23,DELIVERED,NORTH
1829,318,2025-03-11 16:20:46,CANCELLED,EAST
1830,87,2025-02-15 04:56:35,DELIVERED,WEST
1831,,2025-06-18 22:37:59,DELIVERED,EAST
1832,,2025-03-20 04:57:25,DELIVERED,SOUTH
1833,144,2025-06-14 23:15:43,PLACED,CENTRAL
1834,301,2025-05-12 02:07:59,CANCELLED,WEST
1835,532,2025-06-21 20:05:33,CANCELLED,SOUTH
1836,113,27-04-2024 02:51:55,SHIPPED,WEST
1837,272,2025-03-31 12:39:16,DELIVERED,EAST
1838,,31-05-2024 10:47:56,CANCELLED,WEST
1839,,2024-03-19 20:28:29,DELIVERED,SOUTH
1840,16,2025-05-21 20:27:05,PLACED,NORTH
1841,488,2025-04-10 08:49:56,CANCELLED,CENTRAL
1842,1,2025-02-06 22:44:46,CANCELLED,EAST
1843,553,2025-05-19 23:44:20,DELIVERED,NORTH
1844,585,2024-09-22 05:31:42,DELIVERED,SOUTH
1845,85,2024-03-21 14:59:54,DELIVERED,CENTRAL
1846,232,2024-06-19 16:50:26,DELIVERED,EAST
1847,474,2025-06-22 05:20:44,DELIVERED,EAST
1848,135,2025-02-01 17:19:10,DELIVERED,CENTRAL
1849,36,2025-02-06 22:32:11,DELIVERED,NORTH
1850,187,2024-12-05 13:29:17,PLACED,SOUTH
1851,331,2024-05-29 02:20:13,DELIVERED,EAST
1852,592,2025-02-24 12:59:45,SHIPPED,CENTRAL
1853,451,2023-12-19 12:18:27,DELIVERED,CENTRAL
1854,346,2024-03-10 17:14:43,CANCELLED,WEST
1855,468,2025-04-21 13:55:12,CANCELLED,CENTRAL
1856,375,2025-04-25 06:48:24,RETURNED,SOUTH
1857,469,2025-04-30 17:46:28,DELIVERED,EAST
1858,356,2024-11-16 11:27:41,DELIVERED,NORTH
1859,517,2025-01-29 11:02:07,RETURNED,CENTRAL
1860,228,08-06-2025 16:02:10,DELIVERED,EAST
1861,156,2024-12-24 04:53:58,DELIVERED,CENTRAL
1862,236,2025-03-09 09:42:13,DELIVERED,EAST
1863,170,2025-01-28 03:31:50,DELIVERED,SOUTH
1864,435,2024-10-23 12:36:16,RETURNED,WEST
1865,535,2024-11-27 04:55:57,DELIVERED,SOUTH
1866,308,2024-08-01 03:17:45,DELIVERED,EAST
1867,69,2024-07-17 23:58:56,SHIPPED,WEST
1868,249,2024-12-19 22:36:17,DELIVERED,WEST
1869,255,2025-06-28 03:01:54,RETURNED,EAST
1870,412,2023-10-14 21:40:26,DELIVERED,SOUTH
1871,146,2025-03-31 03:25:33,DELIVERED,NORTH
1872,537,2025-03-03 22:12:27,DELIVERED,SOUTH
1873,306,2025-06-02 15:40:17,DELIVERED,WEST
1874,350,2025-02-12 16:10:54,PLACED,EAST
1875,478,2025-03-23 16:53:13,CANCELLED,WEST
1876,231,2025-03-30 12:36:28,RETURNED,CENTRAL
1877,372,2025-04-22 20:30:17,DELIVERED,WEST
1878,108,2025-05-30 00:24:46,DELIVERED,EAST
1879,521,2024-08-04 09:49:45,CANCELLED,EAST
1880,104,2025-01-27 21:03:56,SHIPPED,WEST
1881,445,2025-04-17 14:30:15,DELIVERED,WEST
1882,580,2024-04-24 21:50:10,CANCELLED,WEST
1883,,2023-08-23 17:29:39,DELIVERED,NORTH
1884,121,2025-06-18 17:16:55,DELIVERED,CENTRAL
1885,404,2025-06-03 11:28:09,DELIVERED,WEST
1886,588,2025-06-19 15:09:09,RETURNED,WEST
1887,27,2023-12-28 19:16:07,PLACED,EAST
1888,423,2024-09-08 00:28:12,CANCELLED,EAST
1889,353,2025-02-22 20:24:18,SHIPPED,WEST
1890,333,2025-06-27 13:27:42,DELIVERED,SOUTH
1891,561,2025-04-20 12:56:38,DELIVERED,EAST
1892,177,2025-06-27 12:05:05,PLACED,EAST
1893,234,2024-12-16 22:18:43,SHIPPED,NORTH
1894,321,2025-06-10 23:11:13,SHIPPED,WEST
1895,498,2025-06-10 00:56:34,DELIVERED,EAST
1896,173,21-06-2025 20:01:16,SHIPPED,EAST
1897,574,2025-04-02 00:49:06,DELIVERED,WEST
1898,78,2025-04-19 06:49:02,DELIVERED,WEST
1899,150,2025-06-24 09:02:06,DELIVERED,SOUTH
1900,107,2025-02-11 03:27:38,RETURNED,EAST
1901,454,2024-02-29 16:03:39,SHIPPED,EAST
1902,,2023-11-22 08:23:52,RETURNED,SOUTH
1903,451,2025-02-03 05:38:20,SHIPPED,EAST
1904,22,2025-06-02 16:26:00,DELIVERED,CENTRAL
1905,197,2025-01-02 06:16:06,DELIVERED,WEST
1906,397,2024-10-01 02:34:09,RETURNED,EAST
1907,374,2025-06-23 18:33:01,SHIPPED,CENTRAL
1908,138,2024-03-29 20:13:28,RETURNED,SOUTH
1909,593,2025-03-01 00:05:12,RETURNED,CENTRAL
1910,549,2024-05-15 11:46:47,CANCELLED,SOUTH
1911,568,2024-05-26 22:59:16,DELIVERED,NORTH
1912,449,2025-03-11 03:13:47,PLACED,SOUTH
1913,,2024-05-14 08:03:16,PLACED,EAST
1914,152,2025-05-06 04:36:38,PLACED,EAST
1915,29,2025-06-26 15:40:11,DELIVERED,SOUTH
1916,221,2025-06-17 18:59:36,DELIVERED,EAST
1917,584,2025-06-04 06:28:59,SHIPPED,CENTRAL
1918,323,2024-11-25 15:09:02,PLACED,EAST
1919,73,2025-06-09 09:30:03,DELIVERED,SOUTH
1920,255,2025-06-29 15:36:12,RETURNED,SOUTH
1921,,2025-05-22 10:34:29,SHIPPED,NORTH
1922,414,2025-05-16 11:02:50,DELIVERED,WEST
1923,486,2024-09-10 14:00:15,SHIPPED,EAST
1924,441,2025-01-28 20:56:31,SHIPPED,WEST
1925,360,2024-11-22 17:09:12,DELIVERED,NORTH
1926,21,2025-06-27 19:37:50,DELIVERED,EAST
1927,2,21-01-2025 23:31:47,DELIVERED,EAST
1928,,2025-05-04 01:07:35,DELIVERED,NORTH
1929,194,2025-03-27 04:26:23,SHIPPED,SOUTH
1930,100,2025-06-24 03:57:49,DELIVERED,CENTRAL
1931,452,2025-02-09 15:38:44,DELIVERED,CENTRAL
1932,456,2023-10-22 13:36:34,RETURNED,NORTH
1933,320,2024-05-07 08:39:59,DELIVERED,CENTRAL
1934,103,2025-01-12 12:53:16,SHIPPED,CENTRAL
1935,466,2025-06-16 15:14:22,CANCELLED,WEST
1936,568,2024-01-24 20:19:46,DELIVERED,SOUTH
1937,503,2024-05-04 06:54:55,PLACED,NORTH
1938,492,2025-06-02 03:31:18,DELIVERED,EAST
1939,577,2025-02-13 08:11:50,DELIVERED,CENTRAL
1940,290,2024-03-06 19:07:51,DELIVERED,EAST
1941,437,2025-01-08 23:32:38,PLACED,NORTH
1942,330,2025-06-20 00:05:25,DELIVERED,EAST
1943,57,2025-02-04 18:14:49,SHIPPED,NORTH
1944,585,2025-02-03 19:08:30,DELIVERED,NORTH
1945,49,2025-06-17 08:28:43,DELIVERED,CENTRAL
1946,445,2025-06-03 17:11:54,SHIPPED,EAST
1947,46,2025-05-29 19:48:19,RETURNED,SOUTH
1948,75,2025-05-03 14:34:09,SHIPPED,CENTRAL
1949,,2025-05-17 04:56:06,RETURNED,NORTH
1950,5,2024-05-21 17:08:44,RETURNED,EAST
1951,400,2024-11-12 09:09:33,CANCELLED,NORTH
1952,253,2025-02-22 22:30:58,CANCELLED,WEST
1953,318,2025-04-07 18:47:33,DELIVERED,EAST
1954,11,2025-01-05 00:42:08,DELIVERED,SOUTH
1955,500,2025-06-19 03:37:51,DELIVERED,WEST
1956,,2025-01-16 20:16:35,DELIVERED,SOUTH
1957,118,2025-01-13 18:28:21,DELIVERED,NORTH
1958,336,2025-06-15 01:29:53,DELIVERED,WEST
1959,294,2024-10-04 03:16:57,DELIVERED,NORTH
1960,207,2024-08-25 14:16:01,DELIVERED,SOUTH
1961,37,2024-10-01 05:59:30,SHIPPED,NORTH
1962,189,2024-01-11 22:33:59,CANCELLED,SOUTH
1963,380,2025-04-23 03:28:03,DELIVERED,NORTH
1964,516,2025-04-25 14:00:17,DELIVERED,EAST
1965,,2023-06-12 00:54:53,DELIVERED,EAST
1966,359,2025-05-16 20:37:14,DELIVERED,WEST
1967,299,2024-09-25 16:57:59,SHIPPED,SOUTH
1968,450,2023-10-09 15:48:23,PLACED,SOUTH
1969,295,2024-10-26 12:29:41,DELIVERED,EAST
1970,67,2025-04-09 04:46:12,PLACED,SOUTH
1971,330,28-05-2025 22:03:33,RETURNED,SOUTH
1972,,2023-06-03 15:46:16,CANCELLED,CENTRAL
1973,230,2025-06-18 23:59:55,DELIVERED,NORTH
1974,,2025-03-02 00:26:36,RETURNED,WEST
1975,397,2025-02-24 06:28:43,SHIPPED,WEST
1976,354,2025-05-08 09:31:18,CANCELLED,WEST
1977,369,2024-07-31 20:40:37,DELIVERED,SOUTH
1978,398,2024-09-20 18:45:34,DELIVERED,NORTH
1979,308,25-09-2024 22:01:33,DELIVERED,CENTRAL
1980,412,2023-10-16 02:37:13,DELIVERED,WEST
1981,428,2025-04-22 17:51:43,DELIVERED,WEST
1982,346,2024-06-27 05:17:06,SHIPPED,CENTRAL
1983,223,2024-07-22 07:50:49,RETURNED,CENTRAL
1984,475,2025-06-10 14:42:20,DELIVERED,EAST
1985,219,2024-05-30 02:52:25,SHIPPED,WEST
1986,423,2024-09-16 18:17:21,DELIVERED,SOUTH
1987,530,2025-03-03 16:31:00,DELIVERED,SOUTH
1988,177,2025-06-13 15:13:13,DELIVERED,SOUTH
1989,589,2024-06-26 15:26:27,DELIVERED,SOUTH
1990,134,2025-06-13 00:27:56,RETURNED,CENTRAL
1991,37,2025-03-11 05:05:03,PLACED,NORTH
1992,,2025-03-31 17:29:28,DELIVERED,NORTH
1993,366,2025-05-21 17:02:26,RETURNED,EAST
1994,372,2025-05-07 06:20:12,CANCELLED,WEST
1995,180,2024-05-14 01:09:52,CANCELLED,SOUTH
1996,156,2024-02-17 19:19:34,DELIVERED,CENTRAL
1997,576,2025-06-11 15:00:06,DELIVERED,EAST
1998,256,2025-06-08 12:04:28,SHIPPED,WEST
1999,41,2023-12-11 07:44:37,DELIVERED,WEST
2000,21,2025-06-12 07:06:03,CANCELLED,WEST
2001,187,2025-05-22 17:26:58,RETURNED,CENTRAL
2002,348,2024-07-24 00:21:19,PLACED,SOUTH
2003,404,2025-02-13 00:39:18,RETURNED,SOUTH
2004,329,2024-12-23 12:53:40,RETURNED,NORTH
2005,507,2025-02-06 02:21:29,DELIVERED,SOUTH
2006,259,2024-03-19 03:34:15,RETURNED,NORTH
2007,171,2025-01-14 02:23:20,DELIVERED,EAST
2008,444,16-01-2025 03:47:18,DELIVERED,WEST
2009,341,07-05-2025 02:14:49,CANCELLED,CENTRAL
2010,,19-08-2024 13:39:34,DELIVERED,WEST
2011,37,2025-03-26 01:06:46,DELIVERED,EAST
2012,525,2025-06-17 06:15:56,DELIVERED,SOUTH
2013,268,2024-09-25 19:58:50,DELIVERED,WEST
2014,87,2025-06-15 15:08:43,DELIVERED,CENTRAL
2015,24,2024-03-16 19:53:42,SHIPPED,NORTH
2016,67,2024-12-30 19:26:28,SHIPPED,NORTH
2017,10,2024-01-12 10:40:27,DELIVERED,CENTRAL
2018,597,2025-04-28 21:14:41,DELIVERED,NORTH
2019,58,2025-06-27 13:05:52,RETURNED,NORTH
2020,94,2025-06-01 04:28:30,DELIVERED,SOUTH
2021,,2023-08-01 16:20:46,DELIVERED,SOUTH
2022,203,2025-04-09 17:04:05,SHIPPED,EAST
2023,63,2025-02-17 20:33:04,PLACED,SOUTH
2024,270,2025-02-09 22:35:20,DELIVERED,SOUTH
2025,78,2025-04-18 06:32:03,DELIVERED,SOUTH
2026,304,2025-02-15 05:46:43,DELIVERED,SOUTH
2027,354,2024-11-23 00:17:27,DELIVERED,EAST
2028,166,2023-08-25 05:13:32,DELIVERED,NORTH
2029,441,2024-11-23 01:12:10,CANCELLED,WEST
2030,,2024-12-30 02:10:26,DELIVERED,EAST
2031,68,2025-03-24 22:05:34,DELIVERED,EAST
2032,492,2024-12-12 17:33:55,DELIVERED,EAST
2033,195,2024-12-08 14:09:16,PLACED,EAST
2034,473,2024-02-23 22:39:12,CANCELLED,WEST
2035,476,2024-08-07 05:10:45,DELIVERED,WEST
2036,26,2025-01-06 03:36:02,DELIVERED,SOUTH
2037,15,2025-01-17 16:43:36,DELIVERED,SOUTH
2038,189,2024-04-24 13:03:26,DELIVERED,SOUTH
2039,203,2024-04-06 20:09:25,SHIPPED,CENTRAL
2040,195,2025-03-18 22:49:57,DELIVERED,WEST
2041,164,2025-06-20 19:53:50,PLACED,NORTH
2042,332,2025-06-28 18:50:56,SHIPPED,CENTRAL
2043,222,2025-04-29 20:18:36,RETURNED,SOUTH
2044,319,2025-05-16 15:52:43,DELIVERED,CENTRAL
2045,289,2025-03-22 05:37:42,CANCELLED,SOUTH
2046,485,04-12-2023 00:44:06,DELIVERED,SOUTH
2047,335,2025-05-08 07:54:05,RETURNED,WEST
2048,569,2025-03-27 04:02:39,DELIVERED,SOUTH
2049,330,2025-05-01 10:52:32,DELIVERED,SOUTH
2050,482,2024-10-21 12:47:45,CANCELLED,WEST
2051,330,2025-04-02 18:55:16,DELIVERED,EAST
2052,399,2025-06-24 08:16:05,DELIVERED,SOUTH
2053,61,2025-05-08 23:16:58,DELIVERED,EAST
2054,495,2025-05-19 13:16:13,DELIVERED,EAST
2055,322,2024-10-21 09:21:27,DELIVERED,CENTRAL
2056,303,2025-04-02 19:58:08,CANCELLED,CENTRAL
2057,290,2024-01-10 19:16:36,DELIVERED,NORTH
2058,210,2024-03-30 21:27:56,PLACED,WEST
2059,477,2025-05-08 06:57:04,SHIPPED,WEST
2060,455,2025-06-04 13:22:27,RETURNED,WEST
2061,465,2024-07-24 04:21:46,SHIPPED,NORTH
2062,335,2025-06-24 15:27:15,DELIVERED,WEST
2063,445,2025-04-28 21:24:35,DELIVERED,NORTH
2064,332,2025-06-29 20:44:52,PLACED,CENTRAL
2065,136,2025-05-25 05:20:25,PLACED,SOUTH
2066,168,2025-06-27 07:23:59,DELIVERED,EAST
2067,423,2025-01-08 10:20:00,DELIVERED,CENTRAL
2068,427,2025-05-22 15:05:31,DELIVERED,CENTRAL
2069,213,2025-05-18 04:18:20,DELIVERED,EAST
2070,58,2025-06-26 19:47:58,PLACED,SOUTH
2071,44,2025-06-15 07:34:38,RETURNED,SOUTH
2072,331,2025-03-16 23:59:40,DELIVERED,NORTH
2073,297,24-04-2025 07:46:52,DELIVERED,WEST
2074,42,2024-05-28 10:35:21,SHIPPED,CENTRAL
2075,358,2024-11-24 07:30:07,DELIVERED,SOUTH
2076,156,03-12-2024 12:03:05,DELIVERED,CENTRAL
2077,570,2024-06-28 17:28:06,SHIPPED,SOUTH
2078,263,2024-12-18 21:37:59,CANCELLED,WEST
2079,293,20-05-2025 16:50:25,DELIVERED,CENTRAL
2080,210,2024-05-01 13:31:08,DELIVERED,NORTH
2081,211,2024-02-29 10:55:44,DELIVERED,EAST
2082,220,2025-03-10 19:08:01,DELIVERED,NORTH
2083,236,2025-01-19 03:23:35,CANCELLED,SOUTH
2084,318,2025-03-01 09:36:12,SHIPPED,EAST
2085,398,2024-11-14 06:24:36,DELIVERED,SOUTH
2086,492,2025-05-09 14:37:35,DELIVERED,SOUTH
2087,110,2025-04-22 00:37:51,DELIVERED,NORTH
2088,1,2025-02-03 20:19:36,DELIVERED,SOUTH
2089,377,2025-01-27 14:49:19,RETURNED,EAST
2090,428,2024-05-17 09:27:51,PLACED,NORTH
2091,270,2025-04-11 17:26:13,CANCELLED,SOUTH
2092,32,2024-12-27 02:41:36,SHIPPED,SOUTH
2093,594,2025-05-12 11:45:44,PLACED,CENTRAL
2094,157,2024-10-21 16:22:40,DELIVERED,NORTH
2095,,2024-05-01 22:09:06,DELIVERED,NORTH
2096,46,2025-05-15 02:49:28,CANCELLED,EAST
2097,208,16-06-2024 14:32:35,DELIVERED,SOUTH
2098,459,2023-12-31 12:19:27,PLACED,CENTRAL
2099,446,2025-03-11 01:44:21,DELIVERED,SOUTH
2100,49,2025-06-16 22:54:29,DELIVERED,WEST
2101,558,2024-08-25 15:36:34,RETURNED,CENTRAL
2102,329,2025-06-13 12:30:49,DELIVERED,CENTRAL
2103,479,2024-07-04 20:41:50,SHIPPED,WEST
2104,418,2025-06-22 08:57:12,PLACED,EAST
2105,341,2025-02-21 07:02:04,DELIVERED,CENTRAL
2106,169,2024-12-08 14:30:44,RETURNED,SOUTH
2107,554,2025-05-18 17:10:03,SHIPPED,CENTRAL
2108,211,2025-06-28 13:15:07,PLACED,WEST
2109,514,2024-12-18 07:16:02,DELIVERED,EAST
2110,169,2025-02-18 01:45:52,DELIVERED,WEST
2111,383,2025-04-24 23:55:51,DELIVERED,WEST
2112,360,2025-02-10 09:46:32,DELIVERED,NORTH
2113,465,2024-04-14 22:28:49,CANCELLED,SOUTH
2114,517,2025-05-29 07:58:05,SHIPPED,NORTH
2115,314,2024-09-27 20:06:01,DELIVERED,SOUTH
2116,99,16-01-2025 04:18:37,PLACED,NORTH
2117,74,2024-04-11 01:22:40,RETURNED,WEST
2118,413,2023-09-05 05:00:36,DELIVERED,WEST
2119,312,2024-11-26 20:15:50,RETURNED,CENTRAL
2120,504,2024-07-24 05:46:09,DELIVERED,EAST
2121,393,2025-06-21 16:00:09,DELIVERED,CENTRAL
2122,360,2024-12-21 22:29:42,PLACED,NORTH
2123,89,2025-04-03 05:03:46,PLACED,SOUTH
2124,97,2025-06-18 01:44:52,DELIVERED,CENTRAL
2125,36,2024-03-13 18:46:47,DELIVERED,WEST
2126,421,08-05-2025 05:15:29,SHIPPED,NORTH
2127,456,2023-11-21 16:06:36,DELIVERED,CENTRAL
2128,549,2025-02-03 17:53:39,DELIVERED,NORTH
2129,503,2024-04-23 02:04:44,DELIVERED,SOUTH
2130,,2024-09-09 21:41:43,SHIPPED,SOUTH
2131,79,2025-01-04 07:57:41,SHIPPED,WEST
2132,181,06-10-2024 14:33:45,SHIPPED,EAST
2133,598,2025-04-30 19:10:57,DELIVERED,NORTH
2134,143,2023-12-04 12:38:23,RETURNED,CENTRAL
2135,,2024-06-20 08:49:31,DELIVERED,NORTH
2136,378,2025-06-17 06:31:53,DELIVERED,NORTH
2137,571,2025-05-13 23:51:07,PLACED,EAST
2138,520,2024-08-27 22:10:20,CANCELLED,NORTH
2139,,2023-08-07 02:11:37,DELIVERED,WEST
2140,560,2024-10-28 23:07:50,DELIVERED,SOUTH
2141,119,05-10-2024 16:56:28,SHIPPED,EAST
2142,401,2024-10-13 08:19:55,DELIVERED,NORTH
2143,273,2024-05-21 21:06:56,CANCELLED,EAST
2144,492,2024-08-12 21:03:59,DELIVERED,WEST
2145,177,2025-06-16 09:56:36,DELIVERED,NORTH
2146,131,2025-05-23 00:09:23,DELIVERED,WEST
2147,75,2025-01-08 17:56:20,DELIVERED,WEST
2148,371,2024-09-02 00:40:48,DELIVERED,WEST
2149,,2024-02-04 22:19:17,PLACED,EAST
2150,231,2025-05-13 08:46:06,DELIVERED,CENTRAL
2151,162,2025-01-25 17:27:26,DELIVERED,NORTH
2152,32,2024-11-11 03:20:32,PLACED,SOUTH
2153,41,2024-06-10 00:22:23,DELIVERED,EAST
2154,549,2024-12-28 03:31:58,DELIVERED,WEST
2155,396,2025-06-07 12:54:40,DELIVERED,CENTRAL
2156,588,2023-12-03 14:50:55,PLACED,WEST
2157,546,2025-05-01 13:32:00,PLACED,EAST
2158,296,2025-06-07 10:20:01,RETURNED,EAST
2159,580,2023-12-03 13:28:02,DELIVERED,EAST
2160,422,2024-02-23 08:01:44,DELIVERED,SOUTH
2161,143,2025-05-08 02:55:11,DELIVERED,EAST
2162,567,2024-02-17 10:31:47,DELIVERED,CENTRAL
2163,299,2025-01-07 00:16:49,DELIVERED,EAST
2164,509,2024-10-24 06:28:51,DELIVERED,EAST
2165,471,2025-03-17 17:00:40,DELIVERED,NORTH
2166,386,2025-03-23 17:28:58,PLACED,SOUTH
2167,261,2025-04-26 12:30:19,RETURNED,CENTRAL
2168,524,2025-02-18 09:03:04,DELIVERED,WEST
2169,502,2024-11-09 08:40:12,DELIVERED,EAST
2170,186,2023-12-30 11:19:53,CANCELLED,NORTH
2171,,2023-07-25 14:06:49,DELIVERED,EAST
2172,99,2025-04-16 09:06:19,CANCELLED,CENTRAL
2173,115,2025-01-12 05:25:47,DELIVERED,EAST
2174,237,2024-08-09 05:15:17,DELIVERED,EAST
2175,363,2024-05-19 14:06:47,DELIVERED,EAST
2176,176,2025-05-25 21:45:51,DELIVERED,CENTRAL
2177,165,2024-01-31 19:40:35,DELIVERED,EAST
2178,128,2023-12-18 07:40:21,DELIVERED,SOUTH
2179,170,2024-02-04 19:04:40,DELIVERED,NORTH
2180,316,2024-12-04 00:35:26,DELIVERED,WEST
2181,238,2025-04-23 17:52:16,DELIVERED,WEST
2182,394,2025-06-29 15:30:08,DELIVERED,CENTRAL
2183,211,2025-03-02 23:25:47,DELIVERED,CENTRAL
2184,22,2025-06-08 19:19:00,DELIVERED,WEST
2185,382,2023-12-14 05:58:06,DELIVERED,WEST
2186,414,2025-03-06 05:18:00,DELIVERED,EAST
2187,298,2024-11-14 08:12:13,CANCELLED,NORTH
2188,577,2024-10-07 18:55:27,PLACED,NORTH
2189,354,2025-02-23 05:56:57,DELIVERED,WEST
2190,92,2025-06-15 22:15:22,SHIPPED,EAST
2191,267,2025-05-15 16:27:35,SHIPPED,CENTRAL
2192,544,2025-05-07 00:02:33,RETURNED,EAST
2193,,2023-11-25 13:02:36,RETURNED,NORTH
2194,567,2023-07-21 21:16:50,DELIVERED,EAST
2195,301,2025-04-19 18:01:52,DELIVERED,SOUTH
2196,320,2024-01-31 10:11:09,SHIPPED,NORTH
2197,587,2025-04-03 03:57:29,DELIVERED,WEST
2198,242,2024-05-27 08:17:31,SHIPPED,NORTH
2199,104,2024-02-17 23:20:45,SHIPPED,NORTH
2200,567,2025-01-23 23:27:49,SHIPPED,CENTRAL
