region_code,order_date,daily_revenue,running_total
CENTRAL,2023-06-03,86567.87,86567.87
CENTRAL,2023-08-16,84355.01,170922.89
CENTRAL,2023-09-03,40182.81,211105.69
CENTRAL,2023-09-12,183501.44,394607.14
CENTRAL,2023-09-13,73858.51,468465.65
CENTRAL,2023-09-15,105828.54,574294.19
CENTRAL,2023-09-23,118666.06,692960.25
CENTRAL,2023-09-28,43756.18,736716.42
CENTRAL,2023-10-01,30273.41,766989.84
CENTRAL,2023-10-08,352859.17,1119849.01
CENTRAL,2023-10-10,383440.18,1503289.19
CENTRAL,2023-10-18,258149.87,1761439.06
CENTRAL,2023-10-20,181172.09,1942611.15
CENTRAL,2023-10-23,64006.13,2006617.28
CENTRAL,2023-11-05,526633.74,2533251.02
CENTRAL,2023-11-07,51802.52,2585053.54
CENTRAL,2023-11-10,49568.18,2634621.72
CENTRAL,2023-11-21,7526.55,2642148.27
CENTRAL,2023-11-23,88257.48,2730405.75
CENTRAL,2023-12-04,497995.91,3228401.66
CENTRAL,2023-12-06,40968.79,3269370.46
CENTRAL,2023-12-08,329165.26,3598535.71
CENTRAL,2023-12-12,182575.56,3781111.27
CENTRAL,2023-12-16,112272.81,3893384.08
CENTRAL,2023-12-19,90979.32,3984363.4
CENTRAL,2023-12-24,664921.01,4649284.41
CENTRAL,2023-12-25,243985.31,4893269.72
CENTRAL,2023-12-28,47188.72,4940458.44
CENTRAL,2023-12-30,549358.2,5489816.64
CENTRAL,2023-12-31,105120.39,5594937.03
CENTRAL,2024-01-11,385138.8,5980075.83
CENTRAL,2024-01-12,141441.35,6121517.18
CENTRAL,2024-01-13,128112.55,6249629.73
CENTRAL,2024-01-18,353325.45,6602955.18
CENTRAL,2024-01-20,11229.16,6614184.33
CENTRAL,2024-01-21,84444.16,6698628.49
CENTRAL,2024-01-22,16087.57,6714716.06
CENTRAL,2024-01-28,115200.36,6829916.42
CENTRAL,2024-01-30,532361.99,7362278.41
CENTRAL,2024-02-13,348988.44,7711266.85
CENTRAL,2024-02-17,287757.76,7999024.61
CENTRAL,2024-02-22,230463.46,8229488.07
CENTRAL,2024-02-28,162280.15,8391768.22
CENTRAL,2024-03-01,30214.49,8421982.71
CENTRAL,2024-03-03,44289.98,8466272.7
CENTRAL,2024-03-08,263840.5,8730113.2
CENTRAL,2024-03-09,141488.11,8871601.31
CENTRAL,2024-03-16,242842.82,9114444.12
CENTRAL,2024-03-20,41927.26,9156371.39
CENTRAL,2024-03-21,558401.08,9714772.47
CENTRAL,2024-03-22,136311.05,9851083.52
CENTRAL,2024-03-31,8219.72,9859303.25
CENTRAL,2024-04-03,224816.31,10084119.56
CENTRAL,2024-04-06,462469.94,10546589.49
CENTRAL,2024-04-08,297459.2,10844048.69
CENTRAL,2024-04-09,286686.09,11130734.78
CENTRAL,2024-04-11,71643.35,11202378.13
CENTRAL,2024-04-12,182785.43,11385163.57
CENTRAL,2024-04-22,73628.16,11458791.73
CENTRAL,2024-04-24,181485.69,11640277.42
CENTRAL,2024-04-26,179052.6,11819330.02
CENTRAL,2024-04-28,123454.16,11942784.18
CENTRAL,2024-05-01,206530.56,12149314.74
CENTRAL,2024-05-03,331852.12,12481166.86
CENTRAL,2024-05-07,109024.18,12590191.04
CENTRAL,2024-05-16,50446.42,12640637.46
CENTRAL,2024-05-26,4479.52,12645116.98
CENTRAL,2024-05-28,392873.1,13037990.08
CENTRAL,2024-05-31,128847.11,13166837.19
CENTRAL,2024-06-21,40347.01,13207184.2
CENTRAL,2024-06-22,3812.96,13210997.16
CENTRAL,2024-06-25,292574.64,13503571.81
CENTRAL,2024-06-26,90381.6,13593953.41
CENTRAL,2024-06-27,325071.09,13919024.5
CENTRAL,2024-06-30,379794.98,14298819.48
CENTRAL,2024-07-15,167343.8,14466163.27
CENTRAL,2024-07-16,51653.75,14517817.02
CENTRAL,2024-07-17,155102.62,14672919.65
CENTRAL,2024-07-20,219750.77,14892670.42
CENTRAL,2024-07-22,6129.33,14898799.75
CENTRAL,2024-07-27,145946.15,15044745.9
CENTRAL,2024-08-02,-72033.32,14972712.58
CENTRAL,2024-08-06,39074.98,15011787.56
CENTRAL,2024-08-10,202428.02,15214215.58
CENTRAL,2024-08-12,287636.84,15501852.41
CENTRAL,2024-08-13,31229.19,15533081.6
CENTRAL,2024-08-16,177786.2,15710867.8
CENTRAL,2024-08-17,134383.29,15845251.09
CENTRAL,2024-08-18,218916.88,16064167.96
CENTRAL,2024-08-20,357139.65,16421307.62
CENTRAL,2024-08-22,85471.44,16506779.06
CENTRAL,2024-08-25,240410.79,16747189.85
CENTRAL,2024-09-03,128612.76,16875802.6
CENTRAL,2024-09-09,349069.23,17224871.83
CENTRAL,2024-09-10,147073.43,17371945.26
CENTRAL,2024-09-16,286200.45,17658145.72
CENTRAL,2024-09-19,371651.79,18029797.51
CENTRAL,2024-09-23,58036.71,18087834.22
CENTRAL,2024-09-25,124642.09,18212476.31
CENTRAL,2024-09-29,-9058.64,18203417.67
CENTRAL,2024-10-01,76463.57,18279881.24
CENTRAL,2024-10-02,14963.41,18294844.65
CENTRAL,2024-10-04,127757.42,18422602.07
CENTRAL,2024-10-05,206443.96,18629046.03
CENTRAL,2024-10-06,76385.74,18705431.76
CENTRAL,2024-10-07,220770.35,18926202.11
CENTRAL,2024-10-08,96730.5,19022932.61
CENTRAL,2024-10-12,31801.5,19054734.11
CENTRAL,2024-10-14,375610.12,19430344.23
CENTRAL,2024-10-16,224454.15,19654798.39
CENTRAL,2024-10-18,14793.16,19669591.54
CENTRAL,2024-10-21,87267.21,19756858.75
CENTRAL,2024-10-22,380143.47,20137002.22
CENTRAL,2024-10-24,-1832.12,20135170.1
CENTRAL,2024-10-26,236392.02,20371562.12
CENTRAL,2024-10-31,69042.71,20440604.84
CENTRAL,2024-11-01,30575.71,20471180.55
CENTRAL,2024-11-03,251058.49,20722239.04
CENTRAL,2024-11-04,151867.68,20874106.72
CENTRAL,2024-11-06,82945.02,20957051.74
CENTRAL,2024-11-07,158881.03,21115932.77
CENTRAL,2024-11-09,258194.18,21374126.94
CENTRAL,2024-11-11,174359.49,21548486.44
CENTRAL,2024-11-12,38536.72,21587023.15
CENTRAL,2024-11-13,111979.44,21699002.59
CENTRAL,2024-11-15,192544.87,21891547.46
CENTRAL,2024-11-18,425445.76,22316993.23
CENTRAL,2024-11-19,466300.37,22783293.6
CENTRAL,2024-11-20,88863.56,22872157.16
CENTRAL,2024-11-26,440158.94,23312316.1
CENTRAL,2024-11-27,178798.45,23491114.54
CENTRAL,2024-11-30,166085.7,23657200.25
CENTRAL,2024-12-02,64885.22,23722085.46
CENTRAL,2024-12-03,273250.45,23995335.91
CENTRAL,2024-12-04,56959.28,24052295.19
CENTRAL,2024-12-07,137804.82,24190100.0
CENTRAL,2024-12-08,114382.62,24304482.62
CENTRAL,2024-12-09,33807.8,24338290.42
CENTRAL,2024-12-10,45593.0,24383883.42
CENTRAL,2024-12-15,85337.73,24469221.16
CENTRAL,2024-12-17,179865.15,24649086.31
CENTRAL,2024-12-18,171951.45,24821037.76
CENTRAL,2024-12-19,67531.51,24888569.27
CENTRAL,2024-12-23,9749.84,24898319.11
CENTRAL,2024-12-24,40665.04,24938984.15
CENTRAL,2024-12-25,197029.48,25136013.63
CENTRAL,2024-12-26,24035.39,25160049.02
CENTRAL,2024-12-27,-10094.43,25149954.59
CENTRAL,2024-12-29,240099.91,25390054.5
CENTRAL,2024-12-30,77074.7,25467129.2
CENTRAL,2025-01-02,34230.68,25501359.88
CENTRAL,2025-01-03,33223.44,25534583.32
CENTRAL,2025-01-06,209881.01,25744464.32
CENTRAL,2025-01-08,129722.67,25874186.99
CENTRAL,2025-01-09,261296.24,26135483.23
CENTRAL,2025-01-10,230067.82,26365551.05
CENTRAL,2025-01-12,65371.15,26430922.2
CENTRAL,2025-01-13,227688.74,26658610.94
CENTRAL,2025-01-14,125379.74,26783990.68
CENTRAL,2025-01-15,97279.72,26881270.4
CENTRAL,2025-01-16,297274.28,27178544.68
CENTRAL,2025-01-17,247569.87,27426114.56
CENTRAL,2025-01-18,324813.81,27750928.36
CENTRAL,2025-01-19,231773.01,27982701.37
CENTRAL,2025-01-21,141657.46,28124358.83
CENTRAL,2025-01-22,1015.44,28125374.27
CENTRAL,2025-01-23,281331.25,28406705.52
CENTRAL,2025-01-24,224278.09,28630983.61
CENTRAL,2025-01-26,14369.45,28645353.06
CENTRAL,2025-01-29,76985.6,28722338.66
CENTRAL,2025-01-31,422299.11,29144637.78
CENTRAL,2025-02-01,283984.24,29428622.02
CENTRAL,2025-02-03,68867.27,29497489.3
CENTRAL,2025-02-06,97453.16,29594942.45
CENTRAL,2025-02-07,426671.9,30021614.35
CENTRAL,2025-02-09,-28108.76,29993505.59
CENTRAL,2025-02-10,238782.77,30232288.37
CENTRAL,2025-02-11,181777.77,30414066.14
CENTRAL,2025-02-13,424415.45,30838481.59
CENTRAL,2025-02-15,98199.61,30936681.19
CENTRAL,2025-02-17,354402.8,31291083.99
CENTRAL,2025-02-18,304055.71,31595139.71
CENTRAL,2025-02-19,3594.55,31598734.26
CENTRAL,2025-02-20,460093.05,32058827.31
CENTRAL,2025-02-21,415528.51,32474355.82
CENTRAL,2025-02-22,19219.26,32493575.08
CENTRAL,2025-02-24,-4422.17,32489152.91
CENTRAL,2025-02-26,136838.23,32625991.13
CENTRAL,2025-03-01,509491.12,33135482.26
CENTRAL,2025-03-02,159457.0,33294939.26
CENTRAL,2025-03-03,328766.67,33623705.93
CENTRAL,2025-03-04,353332.89,33977038.82
CENTRAL,2025-03-06,111464.4,34088503.22
CENTRAL,2025-03-07,66913.99,34155417.21
CENTRAL,2025-03-10,143752.21,34299169.42
CENTRAL,2025-03-13,11578.89,34310748.31
CENTRAL,2025-03-14,496745.4,34807493.71
CENTRAL,2025-03-16,4828.9,34812322.61
CENTRAL,2025-03-19,271487.36,35083809.97
CENTRAL,2025-03-22,103935.68,35187745.65
CENTRAL,2025-03-23,772567.27,35960312.92
CENTRAL,2025-03-24,407220.7,36367533.63
CENTRAL,2025-03-25,273892.57,36641426.2
CENTRAL,2025-03-26,357443.09,36998869.29
CENTRAL,2025-03-30,167213.92,37166083.21
CENTRAL,2025-04-02,540196.16,37706279.37
CENTRAL,2025-04-03,373580.24,38079859.6
CENTRAL,2025-04-05,54365.98,38134225.59
CENTRAL,2025-04-06,423348.07,38557573.66
CENTRAL,2025-04-10,356956.77,38914530.42
CENTRAL,2025-04-11,79867.41,38994397.84
CENTRAL,2025-04-12,24789.85,39019187.69
CENTRAL,2025-04-13,696414.89,39715602.57
CENTRAL,2025-04-14,107271.3,39822873.88
CENTRAL,2025-04-15,87405.68,39910279.55
CENTRAL,2025-04-16,98312.6,40008592.15
CENTRAL,2025-04-17,11565.03,40020157.18
CENTRAL,2025-04-18,131576.67,40151733.85
CENTRAL,2025-04-19,321190.54,40472924.4
CENTRAL,2025-04-20,85465.12,40558389.52
CENTRAL,2025-04-21,337745.39,40896134.91
CENTRAL,2025-04-22,314512.38,41210647.29
CENTRAL,2025-04-24,275294.64,41485941.93
CENTRAL,2025-04-26,287982.7,41773924.63
CENTRAL,2025-04-27,77201.29,41851125.92
CENTRAL,2025-04-28,179399.98,42030525.9
CENTRAL,2025-04-29,64957.47,42095483.37
CENTRAL,2025-05-01,182254.76,42277738.13
CENTRAL,2025-05-02,163439.15,42441177.28
CENTRAL,2025-05-03,561595.86,43002773.15
CENTRAL,2025-05-04,300708.79,43303481.93
CENTRAL,2025-05-05,200229.06,43503710.99
CENTRAL,2025-05-07,332215.2,43835926.2
CENTRAL,2025-05-10,71565.36,43907491.56
CENTRAL,2025-05-11,10515.53,43918007.08
CENTRAL,2025-05-12,339255.79,44257262.88
CENTRAL,2025-05-13,382024.72,44639287.59
CENTRAL,2025-05-14,166357.19,44805644.78
CENTRAL,2025-05-15,51656.36,44857301.14
CENTRAL,2025-05-16,49001.44,44906302.57
CENTRAL,2025-05-17,254107.68,45160410.25
CENTRAL,2025-05-18,463863.74,45624273.99
CENTRAL,2025-05-19,174995.96,45799269.96
CENTRAL,2025-05-20,815542.19,46614812.14
CENTRAL,2025-05-21,174019.13,46788831.27
CENTRAL,2025-05-22,505809.71,47294640.98
CENTRAL,2025-05-23,79858.29,47374499.27
CENTRAL,2025-05-24,150051.61,47524550.88
CENTRAL,2025-05-25,549193.08,48073743.96
CENTRAL,2025-05-26,154617.61,48228361.57
CENTRAL,2025-05-27,541949.24,48770310.81
CENTRAL,2025-05-29,222853.48,48993164.29
CENTRAL,2025-05-30,18346.93,49011511.22
CENTRAL,2025-05-31,79349.0,49090860.22
CENTRAL,2025-06-01,236941.13,49327801.34
CENTRAL,2025-06-02,286474.21,49614275.55
CENTRAL,2025-06-04,604101.95,50218377.5
CENTRAL,2025-06-05,492453.54,50710831.04
CENTRAL,2025-06-07,160853.82,50871684.86
CENTRAL,2025-06-08,138144.01,51009828.88
CENTRAL,2025-06-09,421359.55,51431188.42
CENTRAL,2025-06-11,247098.58,51678287.01
CENTRAL,2025-06-12,204709.29,51882996.3
CENTRAL,2025-06-13,380138.08,52263134.38
CENTRAL,2025-06-14,662655.83,52925790.21
CENTRAL,2025-06-15,875464.23,53801254.44
CENTRAL,2025-06-16,162641.15,53963895.59
CENTRAL,2025-06-17,293412.12,54257307.71
CENTRAL,2025-06-18,532219.26,54789526.97
CENTRAL,2025-06-19,562982.88,55352509.85
CENTRAL,2025-06-20,155673.77,55508183.62
CENTRAL,2025-06-21,575367.89,56083551.51
CENTRAL,2025-06-22,170946.8,56254498.31
CENTRAL,2025-06-23,740788.58,56995286.9
CENTRAL,2025-06-24,737671.83,57732958.72
CENTRAL,2025-06-25,329752.91,58062711.63
CENTRAL,2025-06-26,397467.17,58460178.8
CENTRAL,2025-06-27,315915.14,58776093.94
CENTRAL,2025-06-28,187813.88,58963907.83
CENTRAL,2025-06-29,680417.67,59644325.5
EAST,2023-06-12,143644.18,143644.18
EAST,2023-07-14,71578.69,215222.87
EAST,2023-07-21,148719.89,363942.75
EAST,2023-07-25,21762.0,385704.75
EAST,2023-07-31,18771.7,404476.45
EAST,2023-08-01,57256.18,461732.63
EAST,2023-09-02,37217.21,498949.84
EAST,2023-09-16,171007.38,669957.22
EAST,2023-09-20,187465.22,857422.44
EAST,2023-10-01,105280.57,962703.0
EAST,2023-10-06,98866.99,1061569.99
EAST,2023-10-16,33512.58,1095082.57
EAST,2023-10-18,109725.03,1204807.6
EAST,2023-10-22,334050.74,1538858.34
EAST,2023-11-02,7476.29,1546334.63
EAST,2023-11-13,38834.38,1585169.02
EAST,2023-11-19,171125.6,1756294.62
EAST,2023-11-29,67725.58,1824020.21
EAST,2023-12-03,106804.34,1930824.55
EAST,2023-12-08,335606.41,2266430.96
EAST,2023-12-15,202208.83,2468639.78
EAST,2023-12-16,13074.33,2481714.11
EAST,2023-12-24,182133.37,2663847.48
EAST,2023-12-28,100411.37,2764258.85
EAST,2024-01-10,44705.37,2808964.22
EAST,2024-01-28,5088.96,2814053.18
EAST,2024-01-31,230634.79,3044687.96
EAST,2024-02-04,144908.16,3189596.12
EAST,2024-02-06,221773.66,3411369.78
EAST,2024-02-11,7470.32,3418840.1
EAST,2024-02-13,262008.06,3680848.16
EAST,2024-02-17,132081.44,3812929.6
EAST,2024-02-18,168116.28,3981045.87
EAST,2024-02-26,92492.32,4073538.2
EAST,2024-02-29,145393.71,4218931.91
EAST,2024-03-03,335741.58,4554673.49
EAST,2024-03-06,404135.31,4958808.79
EAST,2024-03-24,156660.78,5115469.57
EAST,2024-03-29,119955.76,5235425.33
EAST,2024-04-06,179728.56,5415153.89
EAST,2024-04-11,126997.97,5542151.86
EAST,2024-04-15,51510.2,5593662.06
EAST,2024-04-16,192240.6,5785902.66
EAST,2024-04-18,496476.71,6282379.37
EAST,2024-04-20,-23375.06,6259004.31
EAST,2024-04-24,78582.83,6337587.14
EAST,2024-04-26,122135.43,6459722.57
EAST,2024-04-29,131377.17,6591099.74
EAST,2024-05-02,111377.28,6702477.02
EAST,2024-05-04,119062.96,6821539.99
EAST,2024-05-09,160101.45,6981641.43
EAST,2024-05-14,133215.95,7114857.38
EAST,2024-05-19,104252.1,7219109.49
EAST,2024-05-20,575922.57,7795032.06
EAST,2024-05-21,226037.95,8021070.0
EAST,2024-05-24,94949.61,8116019.61
EAST,2024-05-29,67780.0,8183799.62
EAST,2024-06-07,54138.31,8237937.93
EAST,2024-06-10,134775.3,8372713.23
EAST,2024-06-11,254300.29,8627013.52
EAST,2024-06-14,90472.8,8717486.32
EAST,2024-06-17,108145.32,8825631.64
EAST,2024-06-19,354203.9,9179835.55
EAST,2024-06-20,19790.82,9199626.37
EAST,2024-06-28,48514.26,9248140.63
EAST,2024-07-11,166648.87,9414789.49
EAST,2024-07-12,216407.66,9631197.15
EAST,2024-07-13,385112.66,10016309.81
EAST,2024-07-15,55045.21,10071355.03
EAST,2024-07-17,323066.67,10394421.69
EAST,2024-07-20,73331.89,10467753.59
EAST,2024-07-22,108275.21,10576028.8
EAST,2024-07-23,382514.93,10958543.73
EAST,2024-07-24,302176.6,11260720.33
EAST,2024-07-27,183221.12,11443941.45
EAST,2024-07-28,487001.48,11930942.93
EAST,2024-07-30,258942.17,12189885.1
EAST,2024-08-01,70557.52,12260442.62
EAST,2024-08-04,54510.14,12314952.76
EAST,2024-08-06,161657.01,12476609.77
EAST,2024-08-09,132949.19,12609558.96
EAST,2024-08-18,197653.05,12807212.02
EAST,2024-08-19,108755.17,12915967.19
EAST,2024-08-21,271735.71,13187702.9
EAST,2024-08-22,18318.58,13206021.48
EAST,2024-08-23,-43035.12,13162986.36
EAST,2024-08-24,301582.47,13464568.83
EAST,2024-08-30,182567.55,13647136.38
EAST,2024-09-05,179935.71,13827072.09
EAST,2024-09-06,91309.8,13918381.89
EAST,2024-09-08,219780.5,14138162.39
EAST,2024-09-10,424956.34,14563118.74
EAST,2024-09-13,139562.61,14702681.35
EAST,2024-09-15,58068.0,14760749.35
EAST,2024-09-18,420944.67,15181694.02
EAST,2024-09-27,161428.54,15343122.56
EAST,2024-09-29,140733.35,15483855.92
EAST,2024-10-01,222687.44,15706543.35
EAST,2024-10-03,187841.77,15894385.13
EAST,2024-10-04,214369.68,16108754.81
EAST,2024-10-05,-32132.63,16076622.18
EAST,2024-10-06,365135.22,16441757.4
EAST,2024-10-10,114514.09,16556271.49
EAST,2024-10-11,91402.71,16647674.2
EAST,2024-10-13,443612.04,17091286.23
EAST,2024-10-16,119276.66,17210562.89
EAST,2024-10-18,155828.38,17366391.27
EAST,2024-10-21,225636.64,17592027.91
EAST,2024-10-22,144060.48,17736088.39
EAST,2024-10-24,206021.51,17942109.9
EAST,2024-10-26,275458.14,18217568.04
EAST,2024-10-27,69120.74,18286688.78
EAST,2024-10-28,85507.78,18372196.56
EAST,2024-10-29,13606.07,18385802.63
EAST,2024-10-30,54937.11,18440739.74
EAST,2024-10-31,147104.93,18587844.68
EAST,2024-11-01,376813.13,18964657.81
EAST,2024-11-06,112737.8,19077395.61
EAST,2024-11-09,158206.0,19235601.61
EAST,2024-11-13,17761.42,19253363.03
EAST,2024-11-16,413829.76,19667192.79
EAST,2024-11-19,147202.71,19814395.5
EAST,2024-11-20,87157.33,19901552.83
EAST,2024-11-23,168477.72,20070030.55
EAST,2024-11-25,149723.86,20219754.41
EAST,2024-11-26,134920.79,20354675.2
EAST,2024-11-28,46192.14,20400867.34
EAST,2024-11-29,186766.82,20587634.16
EAST,2024-12-01,276733.28,20864367.44
EAST,2024-12-04,74540.26,20938907.69
EAST,2024-12-08,312116.74,21251024.43
EAST,2024-12-10,160901.89,21411926.33
EAST,2024-12-12,436704.9,21848631.23
EAST,2024-12-13,96509.83,21945141.06
EAST,2024-12-17,416871.72,22362012.78
EAST,2024-12-18,105740.72,22467753.5
EAST,2024-12-28,44009.21,22511762.71
EAST,2024-12-29,442211.36,22953974.07
EAST,2024-12-30,306914.13,23260888.19
EAST,2024-12-31,83812.9,23344701.09
EAST,2025-01-01,168708.31,23513409.41
EAST,2025-01-03,410497.64,23923907.04
EAST,2025-01-07,475971.39,24399878.43
EAST,2025-01-08,100527.57,24500406.0
EAST,2025-01-10,104720.98,24605126.98
EAST,2025-01-12,489989.93,25095116.92
EAST,2025-01-13,149754.09,25244871.01
EAST,2025-01-14,149524.67,25394395.68
EAST,2025-01-17,53278.6,25447674.29
EAST,2025-01-19,279149.86,25726824.14
EAST,2025-01-21,694127.38,26420951.53
EAST,2025-01-22,258012.73,26678964.25
EAST,2025-01-23,3638.12,26682602.37
EAST,2025-01-24,282337.59,26964939.96
EAST,2025-01-26,290818.78,27255758.74
EAST,2025-01-27,89089.7,27344848.44
EAST,2025-01-29,99038.34,27443886.78
EAST,2025-01-30,41087.64,27484974.42
EAST,2025-02-01,354999.23,27839973.65
EAST,2025-02-02,22477.23,27862450.88
EAST,2025-02-03,270685.22,28133136.1
EAST,2025-02-04,10810.64,28143946.74
EAST,2025-02-06,7078.97,28151025.71
EAST,2025-02-11,65732.7,28216758.41
EAST,2025-02-12,21207.3,28237965.71
EAST,2025-02-14,99526.6,28337492.31
EAST,2025-02-15,54871.58,28392363.89
EAST,2025-02-16,75179.35,28467543.24
EAST,2025-02-17,440472.81,28908016.05
EAST,2025-02-18,203542.11,29111558.16
EAST,2025-02-19,235627.4,29347185.57
EAST,2025-02-21,41184.23,29388369.8
EAST,2025-02-22,426248.0,29814617.79
EAST,2025-02-23,553946.42,30368564.21
EAST,2025-02-24,183481.67,30552045.88
EAST,2025-02-25,185410.59,30737456.48
EAST,2025-02-27,469138.04,31206594.52
EAST,2025-02-28,155741.74,31362336.26
EAST,2025-03-01,159255.23,31521591.49
EAST,2025-03-02,86211.92,31607803.41
EAST,2025-03-03,126885.99,31734689.4
EAST,2025-03-04,246606.5,31981295.9
EAST,2025-03-05,128704.11,32110000.01
EAST,2025-03-06,370949.21,32480949.22
EAST,2025-03-07,140402.23,32621351.45
EAST,2025-03-09,239750.0,32861101.45
EAST,2025-03-10,522914.56,33384016.01
EAST,2025-03-11,613461.16,33997477.17
EAST,2025-03-12,214995.16,34212472.33
EAST,2025-03-13,385651.29,34598123.62
EAST,2025-03-14,34995.14,34633118.77
EAST,2025-03-15,321496.0,34954614.77
EAST,2025-03-16,79534.41,35034149.17
EAST,2025-03-17,63644.69,35097793.87
EAST,2025-03-24,753919.02,35851712.89
EAST,2025-03-26,393856.57,36245569.46
EAST,2025-03-29,172343.93,36417913.39
EAST,2025-03-30,226066.09,36643979.48
EAST,2025-03-31,178995.84,36822975.32
EAST,2025-04-02,261825.29,37084800.61
EAST,2025-04-03,81166.35,37165966.96
EAST,2025-04-04,263697.92,37429664.89
EAST,2025-04-07,353731.61,37783396.49
EAST,2025-04-09,184678.01,37968074.5
EAST,2025-04-10,15586.49,37983660.99
EAST,2025-04-12,541505.89,38525166.88
EAST,2025-04-13,507433.68,39032600.56
EAST,2025-04-14,235300.51,39267901.07
EAST,2025-04-15,326632.53,39594533.61
EAST,2025-04-16,327899.36,39922432.97
EAST,2025-04-18,330566.25,40252999.21
EAST,2025-04-19,308835.58,40561834.79
EAST,2025-04-20,186449.73,40748284.52
EAST,2025-04-21,160341.97,40908626.49
EAST,2025-04-22,88957.56,40997584.05
EAST,2025-04-23,239788.83,41237372.88
EAST,2025-04-24,468637.24,41706010.12
EAST,2025-04-25,26899.76,41732909.88
EAST,2025-04-26,300119.34,42033029.22
EAST,2025-04-29,15608.04,42048637.26
EAST,2025-04-30,1027898.45,43076535.71
EAST,2025-05-01,760977.39,43837513.1
EAST,2025-05-02,81192.28,43918705.38
EAST,2025-05-03,297321.43,44216026.81
EAST,2025-05-06,357339.07,44573365.88
EAST,2025-05-07,472683.65,45046049.53
EAST,2025-05-08,477640.07,45523689.6
EAST,2025-05-09,8597.89,45532287.49
EAST,2025-05-10,52447.03,45584734.52
EAST,2025-05-11,162872.21,45747606.73
EAST,2025-05-12,36389.04,45783995.77
EAST,2025-05-13,32631.32,45816627.09
EAST,2025-05-15,414306.22,46230933.31
EAST,2025-05-18,9035.65,46239968.96
EAST,2025-05-19,147461.29,46387430.24
EAST,2025-05-20,205672.0,46593102.25
EAST,2025-05-21,5816.5,46598918.75
EAST,2025-05-22,126785.2,46725703.95
EAST,2025-05-23,247931.8,46973635.75
EAST,2025-05-24,45213.69,47018849.44
EAST,2025-05-25,39052.78,47057902.22
EAST,2025-05-26,181069.83,47238972.05
EAST,2025-05-27,308.62,47239280.67
EAST,2025-05-28,213770.44,47453051.11
EAST,2025-05-29,18888.88,47471939.99
EAST,2025-05-30,7309.59,47479249.58
EAST,2025-05-31,378939.84,47858189.42
EAST,2025-06-02,372374.29,48230563.71
EAST,2025-06-03,530894.69,48761458.4
EAST,2025-06-04,103752.82,48865211.22
EAST,2025-06-05,270270.08,49135481.31
EAST,2025-06-06,263885.46,49399366.76
EAST,2025-06-07,168557.04,49567923.8
EAST,2025-06-08,135897.41,49703821.21
EAST,2025-06-10,566565.16,50270386.37
EAST,2025-06-11,366438.71,50636825.09
EAST,2025-06-12,400004.85,51036829.93
EAST,2025-06-13,149700.77,51186530.7
EAST,2025-06-14,142395.48,51328926.17
EAST,2025-06-15,782629.39,52111555.56
EAST,2025-06-17,534987.89,52646543.44
EAST,2025-06-18,401943.67,53048487.11
EAST,2025-06-19,742470.66,53790957.77
EAST,2025-06-20,250026.12,54040983.89
EAST,2025-06-21,609991.46,54650975.35
EAST,2025-06-22,579104.72,55230080.07
EAST,2025-06-23,860408.12,56090488.19
EAST,2025-06-24,134146.4,56224634.59
EAST,2025-06-25,427009.29,56651643.89
EAST,2025-06-26,429367.74,57081011.63
EAST,2025-06-27,596599.71,57677611.34
EAST,2025-06-28,788377.07,58465988.41
EAST,2025-06-29,212974.02,58678962.43
NORTH,2023-06-09,86914.36,86914.36
NORTH,2023-07-23,168649.76,255564.11
NORTH,2023-08-23,161198.09,416762.21
NORTH,2023-08-25,282577.38,699339.59
NORTH,2023-09-12,383813.28,1083152.87
NORTH,2023-09-17,178314.98,1261467.85
NORTH,2023-09-26,221723.36,1483191.21
NORTH,2023-09-30,29286.86,1512478.07
NORTH,2023-10-09,280250.83,1792728.9
NORTH,2023-10-15,139484.17,1932213.07
NORTH,2023-10-19,140377.07,2072590.14
NORTH,2023-10-22,78519.18,2151109.31
NORTH,2023-10-24,13549.87,2164659.19
NORTH,2023-11-01,235108.85,2399768.04
NORTH,2023-11-04,28614.15,2428382.19
NORTH,2023-11-10,440398.4,2868780.59
NORTH,2023-11-13,300618.58,3169399.17
NORTH,2023-11-18,59145.29,3228544.46
NORTH,2023-11-22,157354.11,3385898.58
NORTH,2023-11-25,197122.47,3583021.05
NORTH,2023-12-08,153983.75,3737004.79
NORTH,2023-12-20,269449.42,4006454.22
NORTH,2023-12-27,255369.95,4261824.16
NORTH,2023-12-30,205637.93,4467462.09
NORTH,2024-01-04,100389.75,4567851.84
NORTH,2024-01-07,109696.73,4677548.57
NORTH,2024-01-10,27058.63,4704607.2
NORTH,2024-01-14,167557.32,4872164.52
NORTH,2024-01-16,279920.25,5152084.76
NORTH,2024-01-31,149737.76,5301822.53
NORTH,2024-02-04,105147.89,5406970.41
NORTH,2024-02-06,91510.07,5498480.48
NORTH,2024-02-10,315536.24,5814016.72
NORTH,2024-02-17,124679.48,5938696.2
NORTH,2024-02-20,417536.15,6356232.35
NORTH,2024-02-21,344266.29,6700498.63
NORTH,2024-02-23,87898.85,6788397.48
NORTH,2024-02-28,274584.04,7062981.52
NORTH,2024-03-09,118400.8,7181382.32
NORTH,2024-03-10,43580.7,7224963.02
NORTH,2024-03-16,200490.71,7425453.73
NORTH,2024-03-19,154404.53,7579858.26
NORTH,2024-03-22,139126.17,7718984.43
NORTH,2024-03-24,2498.91,7721483.34
NORTH,2024-03-25,170501.51,7891984.85
NORTH,2024-04-11,244217.2,8136202.05
NORTH,2024-04-16,121940.98,8258143.03
NORTH,2024-04-17,111976.31,8370119.34
NORTH,2024-04-21,42604.76,8412724.1
NORTH,2024-04-27,192612.72,8605336.82
NORTH,2024-04-29,201392.56,8806729.38
NORTH,2024-05-01,96016.71,8902746.09
NORTH,2024-05-02,34358.6,8937104.69
NORTH,2024-05-04,24722.42,8961827.11
NORTH,2024-05-13,231869.52,9193696.63
NORTH,2024-05-15,25294.36,9218990.99
NORTH,2024-05-16,125092.62,9344083.61
NORTH,2024-05-17,140109.04,9484192.65
NORTH,2024-05-20,150898.61,9635091.25
NORTH,2024-05-23,165016.84,9800108.09
NORTH,2024-05-26,394270.64,10194378.73
NORTH,2024-05-27,135200.32,10329579.05
NORTH,2024-06-11,15613.59,10345192.64
NORTH,2024-06-16,146495.77,10491688.41
NORTH,2024-06-17,26078.97,10517767.38
NORTH,2024-06-19,308568.82,10826336.2
NORTH,2024-06-20,175043.69,11001379.89
NORTH,2024-06-26,242750.86,11244130.75
NORTH,2024-06-28,43997.51,11288128.25
NORTH,2024-06-30,774250.46,12062378.72
NORTH,2024-07-01,71758.29,12134137.01
NORTH,2024-07-03,52121.97,12186258.98
NORTH,2024-07-04,114391.01,12300649.99
NORTH,2024-07-06,79771.65,12380421.63
NORTH,2024-07-13,47845.36,12428266.99
NORTH,2024-07-15,138295.01,12566562.0
NORTH,2024-07-19,176833.83,12743395.83
NORTH,2024-07-20,192604.62,12936000.45
NORTH,2024-07-21,12720.08,12948720.53
NORTH,2024-07-23,66327.17,13015047.69
NORTH,2024-07-24,345205.76,13360253.46
NORTH,2024-07-26,291943.82,13652197.28
NORTH,2024-07-28,60861.54,13713058.82
NORTH,2024-07-29,101399.13,13814457.95
NORTH,2024-08-06,42024.54,13856482.49
NORTH,2024-08-14,293701.79,14150184.29
NORTH,2024-08-15,124488.49,14274672.77
NORTH,2024-08-18,172347.14,14447019.91
NORTH,2024-08-19,268927.61,14715947.52
NORTH,2024-08-21,5518.02,14721465.54
NORTH,2024-08-27,457358.28,15178823.82
NORTH,2024-08-28,166116.71,15344940.53
NORTH,2024-09-01,82231.96,15427172.49
NORTH,2024-09-03,160535.25,15587707.74
NORTH,2024-09-06,273537.79,15861245.54
NORTH,2024-09-09,255761.82,16117007.36
NORTH,2024-09-10,498990.12,16615997.48
NORTH,2024-09-11,356061.35,16972058.83
NORTH,2024-09-15,37666.74,17009725.57
NORTH,2024-09-16,326496.48,17336222.05
NORTH,2024-09-17,114660.42,17450882.47
NORTH,2024-09-20,280648.71,17731531.18
NORTH,2024-09-22,407653.17,18139184.35
NORTH,2024-09-24,198134.02,18337318.37
NORTH,2024-09-26,126458.05,18463776.42
NORTH,2024-09-27,195074.61,18658851.04
NORTH,2024-09-30,58549.11,18717400.15
NORTH,2024-10-01,67942.84,18785342.99
NORTH,2024-10-02,239361.81,19024704.8
NORTH,2024-10-03,204759.27,19229464.07
NORTH,2024-10-04,161158.23,19390622.3
NORTH,2024-10-05,484781.61,19875403.9
NORTH,2024-10-07,103698.88,19979102.78
NORTH,2024-10-12,221393.11,20200495.89
NORTH,2024-10-13,109876.65,20310372.55
NORTH,2024-10-14,301099.84,20611472.39
NORTH,2024-10-18,233261.86,20844734.25
NORTH,2024-10-20,106583.21,20951317.47
NORTH,2024-10-21,-15283.54,20936033.92
NORTH,2024-10-24,179923.94,21115957.86
NORTH,2024-10-25,643859.86,21759817.72
NORTH,2024-10-28,68937.46,21828755.18
NORTH,2024-10-29,374445.57,22203200.75
NORTH,2024-10-30,156841.4,22360042.15
NORTH,2024-11-01,21531.12,22381573.27
NORTH,2024-11-06,76532.64,22458105.91
NORTH,2024-11-08,305930.43,22764036.35
NORTH,2024-11-09,77024.57,22841060.92
NORTH,2024-11-12,168801.82,23009862.73
NORTH,2024-11-14,275373.86,23285236.59
NORTH,2024-11-16,302096.61,23587333.21
NORTH,2024-11-17,301365.42,23888698.63
NORTH,2024-11-18,37915.5,23926614.13
NORTH,2024-11-19,214775.02,24141389.15
NORTH,2024-11-22,176108.02,24317497.17
NORTH,2024-11-27,143937.3,24461434.48
NORTH,2024-12-01,299688.64,24761123.11
NORTH,2024-12-02,149772.76,24910895.87
NORTH,2024-12-05,163857.45,25074753.32
NORTH,2024-12-07,52723.65,25127476.97
NORTH,2024-12-09,515.5,25127992.47
NORTH,2024-12-11,234229.74,25362222.21
NORTH,2024-12-13,159204.43,25521426.64
NORTH,2024-12-15,-25706.23,25495720.41
NORTH,2024-12-16,232195.1,25727915.51
NORTH,2024-12-21,129090.51,25857006.02
NORTH,2024-12-23,647644.1,26504650.12
NORTH,2024-12-24,178537.94,26683188.06
NORTH,2024-12-25,223075.78,26906263.84
NORTH,2024-12-26,418066.25,27324330.09
NORTH,2024-12-29,120464.17,27444794.25
NORTH,2024-12-30,464077.53,27908871.79
NORTH,2024-12-31,440130.73,28349002.52
NORTH,2025-01-01,34480.46,28383482.98
NORTH,2025-01-03,158574.39,28542057.37
NORTH,2025-01-08,131321.51,28673378.88
NORTH,2025-01-09,546058.02,29219436.9
NORTH,2025-01-10,116061.95,29335498.85
NORTH,2025-01-11,263363.53,29598862.38
NORTH,2025-01-13,237713.76,29836576.14
NORTH,2025-01-14,245556.74,30082132.88
NORTH,2025-01-15,40859.36,30122992.23
NORTH,2025-01-16,282225.11,30405217.35
NORTH,2025-01-17,362622.2,30767839.55
NORTH,2025-01-19,3902.35,30771741.89
NORTH,2025-01-20,101528.79,30873270.68
NORTH,2025-01-24,58509.81,30931780.49
NORTH,2025-01-25,220144.46,31151924.96
NORTH,2025-01-26,78279.17,31230204.13
NORTH,2025-01-28,32602.36,31262806.49
NORTH,2025-02-02,58836.9,31321643.39
NORTH,2025-02-03,473679.97,31795323.36
NORTH,2025-02-04,109011.32,31904334.68
NORTH,2025-02-05,308093.43,32212428.11
NORTH,2025-02-06,27081.11,32239509.22
NORTH,2025-02-07,136536.56,32376045.78
NORTH,2025-02-08,255392.51,32631438.29
NORTH,2025-02-10,172892.79,32804331.08
NORTH,2025-02-12,246100.28,33050431.35
NORTH,2025-02-14,325130.52,33375561.88
NORTH,2025-02-15,38610.86,33414172.74
NORTH,2025-02-18,435948.79,33850121.53
NORTH,2025-02-19,199265.9,34049387.42
NORTH,2025-02-21,222173.3,34271560.73
NORTH,2025-02-23,386948.52,34658509.25
NORTH,2025-02-25,195014.61,34853523.86
NORTH,2025-03-03,276686.36,35130210.22
NORTH,2025-03-04,68259.43,35198469.66
NORTH,2025-03-06,96261.03,35294730.68
NORTH,2025-03-07,133748.64,35428479.32
NORTH,2025-03-09,481309.79,35909789.11
NORTH,2025-03-10,30676.79,35940465.91
NORTH,2025-03-11,264784.07,36205249.97
NORTH,2025-03-12,270830.35,36476080.32
NORTH,2025-03-16,144939.01,36621019.33
NORTH,2025-03-17,500162.26,37121181.59
NORTH,2025-03-18,3502.14,37124683.73
NORTH,2025-03-21,349218.37,37473902.1
NORTH,2025-03-22,249246.6,37723148.7
NORTH,2025-03-23,185534.79,37908683.5
NORTH,2025-03-24,229059.99,38137743.48
NORTH,2025-03-26,291042.71,38428786.2
NORTH,2025-03-27,466193.0,38894979.19
NORTH,2025-03-28,52171.04,38947150.23
NORTH,2025-03-30,32313.81,38979464.04
NORTH,2025-03-31,227220.89,39206684.93
NORTH,2025-04-01,303995.85,39510680.78
NORTH,2025-04-02,147334.88,39658015.66
NORTH,2025-04-03,144496.58,39802512.24
NORTH,2025-04-06,-11440.59,39791071.65
NORTH,2025-04-07,133273.4,39924345.06
NORTH,2025-04-08,272378.57,40196723.62
NORTH,2025-04-10,533159.53,40729883.15
NORTH,2025-04-11,233151.78,40963034.93
NORTH,2025-04-14,330763.59,41293798.52
NORTH,2025-04-15,310703.91,41604502.43
NORTH,2025-04-16,325006.59,41929509.03
NORTH,2025-04-18,6785.66,41936294.68
NORTH,2025-04-19,65388.91,42001683.59
NORTH,2025-04-20,450145.91,42451829.51
NORTH,2025-04-21,174588.5,42626418.01
NORTH,2025-04-22,217802.88,42844220.89
NORTH,2025-04-23,350729.59,43194950.48
NORTH,2025-04-24,286786.01,43481736.49
NORTH,2025-04-26,413802.65,43895539.15
NORTH,2025-04-28,126190.43,44021729.58
NORTH,2025-04-29,44706.13,44066435.71
NORTH,2025-04-30,122892.03,44189327.74
NORTH,2025-05-02,248995.1,44438322.83
NORTH,2025-05-03,87057.82,44525380.65
NORTH,2025-05-04,142402.07,44667782.73
NORTH,2025-05-05,931398.75,45599181.48
NORTH,2025-05-06,306448.22,45905629.69
NORTH,2025-05-07,165355.29,46070984.98
NORTH,2025-05-08,375498.35,46446483.33
NORTH,2025-05-09,239182.65,46685665.98
NORTH,2025-05-10,61259.38,46746925.35
NORTH,2025-05-11,546578.55,47293503.9
NORTH,2025-05-12,65975.78,47359479.68
NORTH,2025-05-13,391107.01,47750586.69
NORTH,2025-05-14,127814.56,47878401.25
NORTH,2025-05-15,164330.46,48042731.71
NORTH,2025-05-16,305987.43,48348719.15
NORTH,2025-05-17,25498.62,48374217.77
NORTH,2025-05-19,375056.17,48749273.94
NORTH,2025-05-21,221361.57,48970635.51
NORTH,2025-05-22,423774.8,49394410.31
NORTH,2025-05-23,104222.94,49498633.25
NORTH,2025-05-24,293633.35,49792266.6
NORTH,2025-05-26,222539.81,50014806.41
NORTH,2025-05-28,20119.08,50034925.49
NORTH,2025-05-29,186348.14,50221273.63
NORTH,2025-05-30,289798.67,50511072.3
NORTH,2025-05-31,665670.61,51176742.91
NORTH,2025-06-02,352242.12,51528985.03
NORTH,2025-06-03,238991.09,51767976.13
NORTH,2025-06-05,105437.02,51873413.15
NORTH,2025-06-06,542617.99,52416031.14
NORTH,2025-06-07,3105.41,52419136.55
NORTH,2025-06-08,240990.69,52660127.24
NORTH,2025-06-09,206709.01,52866836.25
NORTH,2025-06-10,576964.3,53443800.55
NORTH,2025-06-12,308694.77,53752495.32
NORTH,2025-06-13,274889.09,54027384.41
NORTH,2025-06-15,473939.73,54501324.15
NORTH,2025-06-16,415064.75,54916388.9
NORTH,2025-06-17,117300.16,55033689.05
NORTH,2025-06-18,635366.37,55669055.43
NORTH,2025-06-19,63316.67,55732372.1
NORTH,2025-06-20,154178.43,55886550.53
NORTH,2025-06-21,30683.48,55917234.01
NORTH,2025-06-22,212130.6,56129364.6
NORTH,2025-06-23,19146.81,56148511.41
NORTH,2025-06-24,103961.01,56252472.42
NORTH,2025-06-25,1223645.2,57476117.62
NORTH,2025-06-26,1157042.72,58633160.34
NORTH,2025-06-27,924449.05,59557609.39
NORTH,2025-06-28,585375.32,60142984.71
NORTH,2025-06-29,180636.31,60323621.03
SOUTH,2023-06-14,168265.86,168265.86
SOUTH,2023-06-19,227100.88,395366.74
SOUTH,2023-06-24,135726.71,531093.45
SOUTH,2023-07-04,197118.64,728212.09
SOUTH,2023-07-20,98377.41,826589.5
SOUTH,2023-08-01,101078.02,927667.52
SOUTH,2023-08-26,55761.77,983429.28
SOUTH,2023-09-04,134600.5,1118029.78
SOUTH,2023-09-07,201241.31,1319271.09
SOUTH,2023-09-13,315578.67,1634849.76
SOUTH,2023-10-07,172785.68,1807635.44
SOUTH,2023-10-09,172752.02,1980387.46
SOUTH,2023-10-14,80099.37,2060486.83
SOUTH,2023-10-30,108934.71,2169421.54
SOUTH,2023-11-02,58324.14,2227745.69
SOUTH,2023-11-08,291117.56,2518863.24
SOUTH,2023-11-15,30896.98,2549760.22
SOUTH,2023-11-22,81346.71,2631106.93
SOUTH,2023-12-04,69727.7,2700834.63
SOUTH,2023-12-14,233544.0,2934378.64
SOUTH,2023-12-18,173054.02,3107432.66
SOUTH,2023-12-20,248695.66,3356128.32
SOUTH,2023-12-28,114859.09,3470987.42
SOUTH,2024-01-04,32542.91,3503530.33
SOUTH,2024-01-06,33510.6,3537040.93
SOUTH,2024-01-11,47549.41,3584590.34
SOUTH,2024-01-14,24727.89,3609318.23
SOUTH,2024-01-17,338567.9,3947886.14
SOUTH,2024-01-21,151025.03,4098911.17
SOUTH,2024-01-24,57464.55,4156375.72
SOUTH,2024-01-31,142074.96,4298450.68
SOUTH,2024-02-11,36077.97,4334528.65
SOUTH,2024-02-12,226726.22,4561254.87
SOUTH,2024-02-17,257346.4,4818601.27
SOUTH,2024-02-23,8767.84,4827369.11
SOUTH,2024-03-04,347382.49,5174751.6
SOUTH,2024-03-06,255755.23,5430506.83
SOUTH,2024-03-13,168801.55,5599308.38
SOUTH,2024-03-19,68142.71,5667451.09
SOUTH,2024-03-24,31837.52,5699288.61
SOUTH,2024-03-25,167297.48,5866586.09
SOUTH,2024-03-26,159547.3,6026133.39
SOUTH,2024-03-29,287509.44,6313642.83
SOUTH,2024-04-06,227983.0,6541625.83
SOUTH,2024-04-11,272255.16,6813881.0
SOUTH,2024-04-13,228258.49,7042139.49
SOUTH,2024-04-14,105883.53,7148023.02
SOUTH,2024-04-16,71238.98,7219262.0
SOUTH,2024-04-18,32632.96,7251894.96
SOUTH,2024-04-20,-5921.61,7245973.35
SOUTH,2024-04-23,42968.47,7288941.82
SOUTH,2024-04-24,156967.27,7445909.08
SOUTH,2024-05-01,149185.6,7595094.68
SOUTH,2024-05-02,293044.39,7888139.07
SOUTH,2024-05-09,231798.88,8119937.95
SOUTH,2024-05-13,158539.32,8278477.27
SOUTH,2024-05-14,64597.74,8343075.01
SOUTH,2024-05-15,135291.52,8478366.54
SOUTH,2024-05-18,53642.33,8532008.86
SOUTH,2024-05-20,79089.55,8611098.41
SOUTH,2024-05-21,105842.41,8716940.83
SOUTH,2024-05-25,136094.88,8853035.71
SOUTH,2024-05-31,77781.34,8930817.05
SOUTH,2024-06-07,92079.68,9022896.73
SOUTH,2024-06-13,119084.04,9141980.78
SOUTH,2024-06-16,49601.25,9191582.03
SOUTH,2024-06-17,165020.43,9356602.45
SOUTH,2024-06-19,225078.94,9581681.39
SOUTH,2024-06-23,96951.36,9678632.74
SOUTH,2024-06-24,146359.47,9824992.21
SOUTH,2024-06-26,305162.42,10130154.63
SOUTH,2024-06-28,29229.48,10159384.11
SOUTH,2024-06-29,297082.74,10456466.85
SOUTH,2024-07-03,673.13,10457139.98
SOUTH,2024-07-07,284253.25,10741393.23
SOUTH,2024-07-10,157218.29,10898611.52
SOUTH,2024-07-13,102764.97,11001376.49
SOUTH,2024-07-19,170038.21,11171414.7
SOUTH,2024-07-21,80465.85,11251880.55
SOUTH,2024-07-22,196265.01,11448145.56
SOUTH,2024-07-24,159620.01,11607765.57
SOUTH,2024-07-28,429812.71,12037578.28
SOUTH,2024-07-31,38990.34,12076568.62
SOUTH,2024-08-06,217099.85,12293668.47
SOUTH,2024-08-09,171833.92,12465502.39
SOUTH,2024-08-10,232715.58,12698217.98
SOUTH,2024-08-13,71010.3,12769228.28
SOUTH,2024-08-15,176077.54,12945305.82
SOUTH,2024-08-19,28621.18,12973927.01
SOUTH,2024-08-21,185770.69,13159697.69
SOUTH,2024-08-22,68059.68,13227757.37
SOUTH,2024-08-24,323231.43,13550988.8
SOUTH,2024-08-25,407925.62,13958914.42
SOUTH,2024-09-03,41094.01,14000008.43
SOUTH,2024-09-05,315360.25,14315368.68
SOUTH,2024-09-09,68749.27,14384117.95
SOUTH,2024-09-10,153331.43,14537449.38
SOUTH,2024-09-11,264926.76,14802376.14
SOUTH,2024-09-16,582789.89,15385166.03
SOUTH,2024-09-18,156387.62,15541553.65
SOUTH,2024-09-22,181517.07,15723070.72
SOUTH,2024-09-24,170750.08,15893820.8
SOUTH,2024-09-25,204664.55,16098485.35
SOUTH,2024-09-26,160573.58,16259058.93
SOUTH,2024-09-27,592034.04,16851092.97
SOUTH,2024-09-29,148655.03,16999748.0
SOUTH,2024-10-01,72424.72,17072172.73
SOUTH,2024-10-07,30494.88,17102667.61
SOUTH,2024-10-08,91895.12,17194562.73
SOUTH,2024-10-09,14402.42,17208965.15
SOUTH,2024-10-13,52558.76,17261523.91
SOUTH,2024-10-14,206089.93,17467613.84
SOUTH,2024-10-17,196568.06,17664181.9
SOUTH,2024-10-18,326377.04,17990558.95
SOUTH,2024-10-19,194272.29,18184831.23
SOUTH,2024-10-22,223199.92,18408031.16
SOUTH,2024-10-24,58353.44,18466384.59
SOUTH,2024-10-25,216289.79,18682674.38
SOUTH,2024-10-26,107374.65,18790049.03
SOUTH,2024-10-27,254866.21,19044915.24
SOUTH,2024-10-28,370602.83,19415518.08
SOUTH,2024-10-29,291533.27,19707051.34
SOUTH,2024-11-01,26165.24,19733216.59
SOUTH,2024-11-03,638246.85,20371463.44
SOUTH,2024-11-05,50850.91,20422314.35
SOUTH,2024-11-06,24758.58,20447072.93
SOUTH,2024-11-08,169567.7,20616640.63
SOUTH,2024-11-11,80619.26,20697259.89
SOUTH,2024-11-12,62671.46,20759931.35
SOUTH,2024-11-13,98011.96,20857943.32
SOUTH,2024-11-14,108289.22,20966232.54
SOUTH,2024-11-15,277525.03,21243757.57
SOUTH,2024-11-17,204772.39,21448529.96
SOUTH,2024-11-20,537310.12,21985840.07
SOUTH,2024-11-21,25612.22,22011452.29
SOUTH,2024-11-24,106274.48,22117726.78
SOUTH,2024-11-26,35467.25,22153194.03
SOUTH,2024-11-27,148781.51,22301975.54
SOUTH,2024-11-28,152458.88,22454434.42
SOUTH,2024-11-29,284013.69,22738448.11
SOUTH,2024-11-30,29631.5,22768079.62
SOUTH,2024-12-01,114382.18,22882461.8
SOUTH,2024-12-03,72303.19,22954764.99
SOUTH,2024-12-04,36912.02,22991677.01
SOUTH,2024-12-05,232057.74,23223734.75
SOUTH,2024-12-07,113908.35,23337643.1
SOUTH,2024-12-08,95483.15,23433126.25
SOUTH,2024-12-09,218398.77,23651525.02
SOUTH,2024-12-10,143380.01,23794905.04
SOUTH,2024-12-12,47511.86,23842416.89
SOUTH,2024-12-13,346522.39,24188939.29
SOUTH,2024-12-17,197985.02,24386924.3
SOUTH,2024-12-18,96189.02,24483113.32
SOUTH,2024-12-19,55274.95,24538388.28
SOUTH,2024-12-20,23741.34,24562129.62
SOUTH,2024-12-21,78802.21,24640931.83
SOUTH,2024-12-23,94588.29,24735520.12
SOUTH,2024-12-26,155486.86,24891006.97
SOUTH,2024-12-27,269317.5,25160324.48
SOUTH,2024-12-31,574743.61,25735068.09
SOUTH,2025-01-01,3748.32,25738816.41
SOUTH,2025-01-02,19459.4,25758275.81
SOUTH,2025-01-05,595205.73,26353481.54
SOUTH,2025-01-06,273639.03,26627120.57
SOUTH,2025-01-09,179063.82,26806184.39
SOUTH,2025-01-14,110452.3,26916636.69
SOUTH,2025-01-15,157317.64,27073954.34
SOUTH,2025-01-16,113759.99,27187714.32
SOUTH,2025-01-17,247703.62,27435417.94
SOUTH,2025-01-19,63660.97,27499078.91
SOUTH,2025-01-20,471913.21,27970992.12
SOUTH,2025-01-21,248604.06,28219596.19
SOUTH,2025-01-22,197192.48,28416788.67
SOUTH,2025-01-24,166483.06,28583271.72
SOUTH,2025-01-25,94581.09,28677852.81
SOUTH,2025-01-27,188918.47,28866771.28
SOUTH,2025-01-28,322643.64,29189414.92
SOUTH,2025-01-29,599898.19,29789313.11
SOUTH,2025-01-30,587773.45,30377086.56
SOUTH,2025-02-02,198625.68,30575712.24
SOUTH,2025-02-03,11957.5,30587669.75
SOUTH,2025-02-06,118020.12,30705689.87
SOUTH,2025-02-07,163790.92,30869480.79
SOUTH,2025-02-09,95331.13,30964811.92
SOUTH,2025-02-10,79621.56,31044433.48
SOUTH,2025-02-11,228313.63,31272747.11
SOUTH,2025-02-13,243606.29,31516353.4
SOUTH,2025-02-15,122451.99,31638805.39
SOUTH,2025-02-16,145445.2,31784250.59
SOUTH,2025-02-17,618626.39,32402876.98
SOUTH,2025-02-18,102410.77,32505287.75
SOUTH,2025-02-19,668310.46,33173598.2
SOUTH,2025-02-20,916920.57,34090518.77
SOUTH,2025-02-21,323797.17,34414315.95
SOUTH,2025-02-22,114461.66,34528777.6
SOUTH,2025-02-23,19634.78,34548412.38
SOUTH,2025-02-24,333031.14,34881443.52
SOUTH,2025-02-25,169543.68,35050987.2
SOUTH,2025-02-26,21485.99,35072473.19
SOUTH,2025-03-01,149848.02,35222321.21
SOUTH,2025-03-03,571816.6,35794137.81
SOUTH,2025-03-04,69554.64,35863692.45
SOUTH,2025-03-05,48365.48,35912057.93
SOUTH,2025-03-06,203287.45,36115345.38
SOUTH,2025-03-08,24245.71,36139591.09
SOUTH,2025-03-11,684095.45,36823686.55
SOUTH,2025-03-13,238863.72,37062550.27
SOUTH,2025-03-14,118625.99,37181176.25
SOUTH,2025-03-15,392547.63,37573723.89
SOUTH,2025-03-16,84888.03,37658611.92
SOUTH,2025-03-18,27644.26,37686256.18
SOUTH,2025-03-19,126925.35,37813181.52
SOUTH,2025-03-20,60327.74,37873509.27
SOUTH,2025-03-21,786567.26,38660076.53
SOUTH,2025-03-22,162666.57,38822743.1
SOUTH,2025-03-23,536325.55,39359068.65
SOUTH,2025-03-27,561771.97,39920840.62
SOUTH,2025-03-28,39011.82,39959852.44
SOUTH,2025-03-29,-28311.36,39931541.07
SOUTH,2025-03-30,472874.32,40404415.39
SOUTH,2025-03-31,452612.86,40857028.25
SOUTH,2025-04-01,399829.89,41256858.13
SOUTH,2025-04-02,528090.31,41784948.44
SOUTH,2025-04-03,178953.2,41963901.64
SOUTH,2025-04-04,217938.71,42181840.35
SOUTH,2025-04-06,129536.06,42311376.41
SOUTH,2025-04-07,479239.68,42790616.09
SOUTH,2025-04-09,421407.21,43212023.3
SOUTH,2025-04-11,195930.54,43407953.84
SOUTH,2025-04-12,143075.28,43551029.11
SOUTH,2025-04-14,273536.5,43824565.62
SOUTH,2025-04-15,333118.83,44157684.45
SOUTH,2025-04-17,130237.37,44287921.82
SOUTH,2025-04-18,492565.41,44780487.23
SOUTH,2025-04-19,103107.49,44883594.72
SOUTH,2025-04-20,207499.42,45091094.14
SOUTH,2025-04-21,119240.24,45210334.38
SOUTH,2025-04-23,34702.82,45245037.2
SOUTH,2025-04-24,362128.78,45607165.98
SOUTH,2025-04-25,214871.22,45822037.2
SOUTH,2025-04-26,218220.71,46040257.92
SOUTH,2025-04-28,284831.34,46325089.26
SOUTH,2025-04-29,436691.74,46761781.0
SOUTH,2025-04-30,11067.64,46772848.64
SOUTH,2025-05-01,7660.98,46780509.62
SOUTH,2025-05-02,372167.11,47152676.74
SOUTH,2025-05-03,215143.34,47367820.08
SOUTH,2025-05-04,69655.51,47437475.59
SOUTH,2025-05-06,494905.23,47932380.82
SOUTH,2025-05-07,100629.49,48033010.32
SOUTH,2025-05-08,580829.35,48613839.67
SOUTH,2025-05-09,215917.6,48829757.27
SOUTH,2025-05-10,110702.89,48940460.16
SOUTH,2025-05-11,207785.09,49148245.25
SOUTH,2025-05-12,94770.75,49243015.99
SOUTH,2025-05-13,68019.73,49311035.72
SOUTH,2025-05-15,786825.82,50097861.54
SOUTH,2025-05-18,360016.09,50457877.63
SOUTH,2025-05-19,119520.96,50577398.58
SOUTH,2025-05-21,143112.48,50720511.07
SOUTH,2025-05-22,557690.25,51278201.32
SOUTH,2025-05-24,88333.41,51366534.73
SOUTH,2025-05-25,262948.87,51629483.6
SOUTH,2025-05-26,110293.11,51739776.7
SOUTH,2025-05-28,479527.43,52219304.14
SOUTH,2025-05-29,482118.48,52701422.61
SOUTH,2025-05-30,319072.67,53020495.28
SOUTH,2025-05-31,222331.88,53242827.16
SOUTH,2025-06-01,258296.24,53501123.4
SOUTH,2025-06-02,55618.2,53556741.6
SOUTH,2025-06-04,351266.36,53908007.96
SOUTH,2025-06-05,194267.3,54102275.26
SOUTH,2025-06-06,182895.16,54285170.43
SOUTH,2025-06-07,388219.59,54673390.02
SOUTH,2025-06-08,2843.54,54676233.55
SOUTH,2025-06-09,123731.96,54799965.51
SOUTH,2025-06-10,205879.91,55005845.42
SOUTH,2025-06-11,103818.9,55109664.32
SOUTH,2025-06-12,621594.89,55731259.22
SOUTH,2025-06-13,385056.72,56116315.94
SOUTH,2025-06-14,16202.22,56132518.17
SOUTH,2025-06-15,715054.37,56847572.54
SOUTH,2025-06-16,205415.04,57052987.57
SOUTH,2025-06-17,574263.44,57627251.01
SOUTH,2025-06-18,403050.29,58030301.3
SOUTH,2025-06-19,303912.53,58334213.84
SOUTH,2025-06-20,85356.99,58419570.83
SOUTH,2025-06-21,871953.86,59291524.69
SOUTH,2025-06-22,531357.32,59822882.01
SOUTH,2025-06-23,1527038.43,61349920.44
SOUTH,2025-06-24,720256.31,62070176.75
SOUTH,2025-06-25,36938.2,62107114.95
SOUTH,2025-06-26,701107.84,62808222.79
SOUTH,2025-06-27,365792.71,63174015.5
SOUTH,2025-06-28,1012824.18,64186839.67
SOUTH,2025-06-29,1018759.08,65205598.76
WEST,2023-08-01,118611.63,118611.63
WEST,2023-08-07,75089.52,193701.14
WEST,2023-08-17,23376.01,217077.16
WEST,2023-09-02,89704.5,306781.65
WEST,2023-09-05,172869.81,479651.47
WEST,2023-09-10,68087.65,547739.12
WEST,2023-09-12,286036.88,833775.99
WEST,2023-09-14,60694.33,894470.33
WEST,2023-09-23,53187.97,947658.3
WEST,2023-09-25,60614.68,1008272.98
WEST,2023-09-28,76513.67,1084786.65
WEST,2023-10-06,1531.09,1086317.74
WEST,2023-10-16,49429.78,1135747.52
WEST,2023-10-20,316129.28,1451876.8
WEST,2023-10-25,11443.26,1463320.06
WEST,2023-11-02,268144.92,1731464.98
WEST,2023-11-14,72164.83,1803629.82
WEST,2023-11-20,13427.64,1817057.46
WEST,2023-11-22,88775.49,1905832.95
WEST,2023-12-03,115008.35,2020841.29
WEST,2023-12-06,158764.45,2179605.75
WEST,2023-12-11,71484.12,2251089.87
WEST,2023-12-14,386441.82,2637531.69
WEST,2023-12-17,225853.39,2863385.08
WEST,2023-12-23,187354.34,3050739.42
WEST,2024-01-05,24907.45,3075646.87
WEST,2024-01-19,256321.84,3331968.71
WEST,2024-01-30,364788.18,3696756.89
WEST,2024-02-02,186757.04,3883513.93
WEST,2024-02-03,-8241.26,3875272.67
WEST,2024-02-09,160144.76,4035417.43
WEST,2024-02-16,230634.99,4266052.42
WEST,2024-02-23,194987.43,4461039.86
WEST,2024-02-25,22442.7,4483482.55
WEST,2024-02-26,197945.5,4681428.05
WEST,2024-03-01,125260.63,4806688.68
WEST,2024-03-10,188943.92,4995632.6
WEST,2024-03-13,197508.51,5193141.11
WEST,2024-03-16,100144.18,5293285.29
WEST,2024-03-21,478386.02,5771671.31
WEST,2024-03-22,201969.94,5973641.25
WEST,2024-03-25,247718.8,6221360.05
WEST,2024-03-27,244360.77,6465720.83
WEST,2024-03-29,343867.67,6809588.5
WEST,2024-03-30,150257.47,6959845.97
WEST,2024-04-11,342711.57,7302557.54
WEST,2024-04-20,100493.1,7403050.64
WEST,2024-04-24,273842.58,7676893.22
WEST,2024-04-27,174902.95,7851796.16
WEST,2024-04-28,36767.52,7888563.68
WEST,2024-04-30,154156.48,8042720.16
WEST,2024-05-04,294291.3,8337011.45
WEST,2024-05-06,39338.3,8376349.76
WEST,2024-05-10,135453.71,8511803.46
WEST,2024-05-23,46888.47,8558691.93
WEST,2024-05-30,204611.44,8763303.37
WEST,2024-05-31,128694.16,8891997.53
WEST,2024-06-02,545271.65,9437269.19
WEST,2024-06-03,264787.93,9702057.12
WEST,2024-06-05,316355.99,10018413.1
WEST,2024-06-10,226391.75,10244804.85
WEST,2024-06-12,263718.46,10508523.31
WEST,2024-06-18,89730.61,10598253.92
WEST,2024-06-21,184610.54,10782864.46
WEST,2024-06-23,228939.68,11011804.14
WEST,2024-06-25,36722.77,11048526.91
WEST,2024-06-28,244833.68,11293360.58
WEST,2024-07-02,400167.33,11693527.91
WEST,2024-07-04,134012.87,11827540.78
WEST,2024-07-05,166043.61,11993584.39
WEST,2024-07-10,202398.45,12195982.84
WEST,2024-07-11,106912.52,12302895.36
WEST,2024-07-15,124304.24,12427199.61
WEST,2024-07-17,124525.75,12551725.36
WEST,2024-07-19,201623.63,12753348.98
WEST,2024-07-20,54365.16,12807714.14
WEST,2024-07-26,148532.33,12956246.47
WEST,2024-08-05,89274.93,13045521.4
WEST,2024-08-07,182912.58,13228433.98
WEST,2024-08-12,274652.36,13503086.34
WEST,2024-08-15,32920.24,13536006.58
WEST,2024-08-16,104472.27,13640478.85
WEST,2024-08-19,203979.39,13844458.24
WEST,2024-08-22,185497.16,14029955.39
WEST,2024-08-24,78919.81,14108875.2
WEST,2024-08-28,40396.1,14149271.31
WEST,2024-08-30,102590.11,14251861.42
WEST,2024-09-01,308342.2,14560203.61
WEST,2024-09-02,89019.63,14649223.24
WEST,2024-09-03,184414.4,14833637.64
WEST,2024-09-06,46442.94,14880080.59
WEST,2024-09-09,393980.88,15274061.47
WEST,2024-09-11,179435.07,15453496.54
WEST,2024-09-12,360509.31,15814005.85
WEST,2024-09-16,83385.58,15897391.43
WEST,2024-09-18,96379.43,15993770.86
WEST,2024-09-22,189541.4,16183312.26
WEST,2024-09-23,85517.27,16268829.53
WEST,2024-09-25,186761.12,16455590.65
WEST,2024-09-27,531648.58,16987239.24
WEST,2024-09-30,229553.61,17216792.84
WEST,2024-10-06,118034.63,17334827.47
WEST,2024-10-07,207772.51,17542599.98
WEST,2024-10-08,367575.22,17910175.2
WEST,2024-10-10,76623.49,17986798.69
WEST,2024-10-12,303287.19,18290085.88
WEST,2024-10-14,183180.24,18473266.12
WEST,2024-10-15,181261.07,18654527.19
WEST,2024-10-18,169136.37,18823663.56
WEST,2024-10-19,99819.83,18923483.39
WEST,2024-10-20,90336.94,19013820.33
WEST,2024-10-21,47646.07,19061466.4
WEST,2024-10-23,504791.68,19566258.08
WEST,2024-10-27,179058.17,19745316.25
WEST,2024-10-28,597298.86,20342615.11
WEST,2024-10-31,204938.48,20547553.6
WEST,2024-11-03,139481.46,20687035.06
WEST,2024-11-06,295541.75,20982576.81
WEST,2024-11-08,49012.8,21031589.61
WEST,2024-11-11,241521.53,21273111.13
WEST,2024-11-13,27891.21,21301002.34
WEST,2024-11-16,187719.0,21488721.34
WEST,2024-11-17,651565.33,22140286.67
WEST,2024-11-19,231720.46,22372007.14
WEST,2024-11-20,319103.83,22691110.96
WEST,2024-11-22,116566.12,22807677.09
WEST,2024-11-23,112924.4,22920601.49
WEST,2024-11-24,100785.42,23021386.9
WEST,2024-11-26,190623.28,23212010.18
WEST,2024-11-29,49927.57,23261937.75
WEST,2024-11-30,38758.1,23300695.85
WEST,2024-12-01,157693.86,23458389.71
WEST,2024-12-02,102484.02,23560873.73
WEST,2024-12-03,150143.36,23711017.09
WEST,2024-12-04,168197.64,23879214.73
WEST,2024-12-09,463076.1,24342290.82
WEST,2024-12-10,171599.51,24513890.33
WEST,2024-12-14,26483.06,24540373.39
WEST,2024-12-16,439419.36,24979792.75
WEST,2024-12-18,455548.36,25435341.11
WEST,2024-12-19,357022.46,25792363.58
WEST,2024-12-23,373937.3,26166300.87
WEST,2024-12-24,45974.8,26212275.67
WEST,2024-12-25,-2290.48,26209985.19
WEST,2024-12-28,29790.12,26239775.31
WEST,2024-12-31,379011.06,26618786.37
WEST,2025-01-01,115446.67,26734233.04
WEST,2025-01-02,236799.31,26971032.35
WEST,2025-01-04,450854.59,27421886.94
WEST,2025-01-05,-59877.78,27362009.16
WEST,2025-01-06,43324.22,27405333.38
WEST,2025-01-08,357951.53,27763284.91
WEST,2025-01-09,208183.72,27971468.63
WEST,2025-01-10,75685.29,28047153.92
WEST,2025-01-11,74375.45,28121529.37
WEST,2025-01-14,717308.72,28838838.1
WEST,2025-01-15,80502.3,28919340.4
WEST,2025-01-16,325671.5,29245011.9
WEST,2025-01-17,498209.71,29743221.61
WEST,2025-01-18,507219.63,30250441.23
WEST,2025-01-21,468176.07,30718617.3
WEST,2025-01-22,72282.06,30790899.36
WEST,2025-01-23,41857.65,30832757.01
WEST,2025-01-24,528584.12,31361341.13
WEST,2025-01-27,586141.36,31947482.49
WEST,2025-01-28,364985.13,32312467.62
WEST,2025-01-29,144316.35,32456783.98
WEST,2025-02-01,291760.32,32748544.3
WEST,2025-02-03,263455.7,33011999.99
WEST,2025-02-04,-21621.43,32990378.56
WEST,2025-02-07,326259.38,33316637.94
WEST,2025-02-08,34435.7,33351073.64
WEST,2025-02-09,99468.31,33450541.95
WEST,2025-02-10,169373.81,33619915.76
WEST,2025-02-11,70885.49,33690801.25
WEST,2025-02-13,145002.78,33835804.03
WEST,2025-02-15,215492.69,34051296.72
WEST,2025-02-16,111477.52,34162774.24
WEST,2025-02-17,14420.48,34177194.72
WEST,2025-02-18,629057.95,34806252.68
WEST,2025-02-19,66095.17,34872347.85
WEST,2025-02-20,104373.97,34976721.82
WEST,2025-02-21,215383.16,35192104.98
WEST,2025-02-22,430823.93,35622928.91
WEST,2025-02-23,100480.97,35723409.88
WEST,2025-02-24,293679.39,36017089.27
WEST,2025-02-25,29094.91,36046184.18
WEST,2025-02-26,6999.13,36053183.3
WEST,2025-02-28,-20312.91,36032870.39
WEST,2025-03-01,184790.64,36217661.03
WEST,2025-03-02,90957.25,36308618.28
WEST,2025-03-04,402440.87,36711059.15
WEST,2025-03-06,93314.1,36804373.25
WEST,2025-03-08,98596.22,36902969.47
WEST,2025-03-10,312993.12,37215962.6
WEST,2025-03-11,84331.14,37300293.74
WEST,2025-03-12,139939.66,37440233.4
WEST,2025-03-14,162464.11,37602697.51
WEST,2025-03-18,-21691.97,37581005.54
WEST,2025-03-19,145095.2,37726100.74
WEST,2025-03-20,345551.95,38071652.7
WEST,2025-03-22,61549.07,38133201.77
WEST,2025-03-23,59756.53,38192958.3
WEST,2025-03-25,682296.27,38875254.57
WEST,2025-03-29,213865.22,39089119.79
WEST,2025-03-31,511086.74,39600206.53
WEST,2025-04-01,331613.83,39931820.36
WEST,2025-04-02,277585.54,40209405.9
WEST,2025-04-03,719367.14,40928773.04
WEST,2025-04-04,57261.87,40986034.91
WEST,2025-04-05,169285.07,41155319.98
WEST,2025-04-06,160686.23,41316006.21
WEST,2025-04-09,120096.29,41436102.51
WEST,2025-04-10,326708.78,41762811.28
WEST,2025-04-12,491142.93,42253954.22
WEST,2025-04-15,279920.22,42533874.44
WEST,2025-04-16,270401.25,42804275.69
WEST,2025-04-17,143390.72,42947666.41
WEST,2025-04-18,73091.6,43020758.01
WEST,2025-04-19,442116.38,43462874.39
WEST,2025-04-22,218890.99,43681765.38
WEST,2025-04-23,376018.69,44057784.06
WEST,2025-04-24,236981.49,44294765.55
WEST,2025-04-25,217509.27,44512274.82
WEST,2025-04-27,75807.27,44588082.09
WEST,2025-04-29,150746.39,44738828.48
WEST,2025-04-30,178538.59,44917367.07
WEST,2025-05-03,646573.54,45563940.61
WEST,2025-05-05,9785.73,45573726.33
WEST,2025-05-06,233247.1,45806973.43
WEST,2025-05-07,573493.98,46380467.41
WEST,2025-05-08,490680.63,46871148.04
WEST,2025-05-10,203564.57,47074712.61
WEST,2025-05-11,235000.61,47309713.23
WEST,2025-05-12,476466.07,47786179.29
WEST,2025-05-16,86927.38,47873106.67
WEST,2025-05-17,217020.03,48090126.7
WEST,2025-05-18,399220.21,48489346.91
WEST,2025-05-19,620028.03,49109374.94
WEST,2025-05-21,252681.69,49362056.64
WEST,2025-05-22,4099.44,49366156.08
WEST,2025-05-23,682605.76,50048761.84
WEST,2025-05-25,222933.65,50271695.49
WEST,2025-05-26,87232.68,50358928.17
WEST,2025-05-27,150659.57,50509587.74
WEST,2025-05-28,289380.25,50798968.0
WEST,2025-05-29,192210.8,50991178.8
WEST,2025-05-30,663688.12,51654866.92
WEST,2025-05-31,260760.38,51915627.31
WEST,2025-06-02,336042.25,52251669.56
WEST,2025-06-03,238366.16,52490035.72
WEST,2025-06-04,359337.39,52849373.11
WEST,2025-06-06,149675.07,52999048.18
WEST,2025-06-07,130107.25,53129155.43
WEST,2025-06-08,546240.24,53675395.66
WEST,2025-06-09,317991.87,53993387.53
WEST,2025-06-10,277726.61,54271114.15
WEST,2025-06-11,-8563.52,54262550.63
WEST,2025-06-12,172917.95,54435468.58
WEST,2025-06-13,325119.12,54760587.7
WEST,2025-06-14,149750.87,54910338.57
WEST,2025-06-15,293019.13,55203357.7
WEST,2025-06-16,199426.55,55402784.25
WEST,2025-06-17,239879.58,55642663.83
WEST,2025-06-18,412416.12,56055079.95
WEST,2025-06-19,279483.42,56334563.37
WEST,2025-06-20,208807.77,56543371.14
WEST,2025-06-21,372813.61,56916184.75
WEST,2025-06-22,248457.38,57164642.13
WEST,2025-06-23,349697.75,57514339.88
WEST,2025-06-24,727167.66,58241507.54
WEST,2025-06-25,194569.77,58436077.31
WEST,2025-06-26,462393.14,58898470.46
WEST,2025-06-27,315206.91,59213677.37
WEST,2025-06-28,817043.33,60030720.7
WEST,2025-06-29,162517.53,60193238.23
