category,product_name,total_revenue,rank_in_category
Books,Maxime Non-Fiction Boo141,5529467.21,1
Books,Enim Non-Fiction Boo115,4781777.88,2
Books,Perspiciatis Comics Boo144,4536546.06,3
Books,Laborum Fiction Boo148,4533517.25,4
Books,Quos Comics Boo143,4190944.19,5
Books,Dolor Academic Boo121,4161722.34,6
Books,Ratione Comics Boo142,3997396.36,7
Books,Neque Fiction Boo136,3725150.77,8
Books,Ab Non-Fiction Boo112,3609421.46,9
Books,Recusandae Fiction Boo129,3309407.85,10
Books,Facilis Non-Fiction Boo126,3062374.86,11
Books,Explicabo Comics Boo125,2908628.21,12
Books,Reprehenderit Academic Boo124,2671752.24,13
Books,Totam Non-Fiction Boo123,2419479.33,14
Books,Quidem Fiction Boo127,2341041.15,15
Books,Corrupti Academic Boo120,2273133.95,16
Books,Harum Non-Fiction Boo132,2225821.21,17
Books,Quos Academic Boo138,2147059.41,18
Books,Nisi Academic Boo128,2085941.63,19
Books,Dolorum Comics Boo140,2072000.77,20
Books,Vero Comics Boo133,1823567.79,21
Books,Minus Comics Boo113,1737183.05,22
Books,Enim Comics Boo135,1628925.13,23
Books,Similique Academic Boo131,1625096.02,24
Books,Inventore Non-Fiction Boo146,1553034.01,25
Books,Ipsam Academic Boo117,1447781.52,26
Books,Explicabo Non-Fiction Boo145,1220133.42,27
Books,Nemo Fiction Boo118,1041046.99,28
Books,Repellat Non-Fiction Boo147,979368.38,29
Books,Voluptas Fiction Boo116,874665.48,30
Books,Maiores Non-Fiction Boo130,812908.8,31
Books,Nobis Academic Boo122,801388.02,32
Books,Ullam Fiction Boo114,553049.13,33
Books,Magni Non-Fiction Boo119,486723.87,34
Books,Perspiciatis Fiction Boo139,348904.6,35
Books,Nam Comics Boo134,278378.35,36
Books,Quod Non-Fiction Boo137,180855.66,37
Clothing,Atque Women Clo45,3998844.01,1
Clothing,Consectetur Footwear Clo68,3944112.97,2
Clothing,Sint Footwear Clo62,3675982.09,3
Clothing,Quis Men Clo73,3386305.06,4
Clothing,Pariatur Women Clo61,3216078.17,5
Clothing,Cumque Men Clo67,3201880.43,6
Clothing,Doloremque Kids Clo39,3048741.17,7
Clothing,Eligendi Men Clo52,2904134.53,8
Clothing,Delectus Women Clo71,2888970.45,9
Clothing,Sapiente Women Clo63,2691554.68,10
Clothing,Rerum Footwear Clo44,2637971.49,11
Clothing,Unde Women Clo70,2535233.72,12
Clothing,Amet Women Clo64,2433794.43,13
Clothing,Sed Footwear Clo72,2397836.52,14
Clothing,Quae Footwear Clo54,2358969.29,15
Clothing,Quibusdam Kids Clo65,2205542.34,16
Clothing,Laboriosam Men Clo41,2001889.27,17
Clothing,Molestiae Men Clo48,1800275.25,18
Clothing,Vitae Footwear Clo40,1699813.34,19
Clothing,Quasi Kids Clo53,1646477.86,20
Clothing,Saepe Men Clo43,1588816.57,21
Clothing,Provident Footwear Clo66,1544115.37,22
Clothing,Sequi Kids Clo58,1331495.02,23
Clothing,Minus Footwear Clo47,1235108.87,24
Clothing,Corrupti Kids Clo50,1160320.98,25
Clothing,Perspiciatis Men Clo69,1157786.4,26
Clothing,A Women Clo74,1133358.69,27
Clothing,Delectus Footwear Clo49,1016477.48,28
Clothing,Nihil Footwear Clo56,832664.68,29
Clothing,Fuga Women Clo38,682201.97,30
Clothing,Eum Kids Clo46,626928.54,31
Clothing,Consequatur Kids Clo59,623871.16,32
Clothing,Odit Kids Clo42,532129.57,33
Clothing,Distinctio Men Clo57,452078.92,34
Clothing,Vitae Kids Clo55,291786.03,35
Clothing,Dolorum Footwear Clo60,195877.04,36
Clothing,Ad Footwear Clo51,42351.83,37
Electronics,Sequi Laptops Ele25,4713097.82,1
Electronics,Necessitatibus Accessories Ele15,4271364.23,2
Electronics,Sapiente Mobiles Ele31,4225520.55,3
Electronics,Id Accessories Ele21,3800799.83,4
Electronics,Dignissimos Audio Ele9,3796732.16,5
Electronics,Doloremque Accessories Ele11,3737346.79,6
Electronics,Rem Mobiles Ele8,3632769.31,7
Electronics,Aspernatur Accessories Ele10,3619362.0,8
Electronics,Rerum Accessories Ele2,3555484.71,9
Electronics,Ut Mobiles Ele20,3325916.27,10
Electronics,Tempore Audio Ele18,3240761.38,11
Electronics,Soluta Laptops Ele35,3234950.05,12
Electronics,Recusandae Accessories Ele17,3154062.97,13
Electronics,Rem Audio Ele1,3117362.86,14
Electronics,Ducimus Mobiles Ele13,3071169.4,15
Electronics,Quam Audio Ele6,2958123.89,16
Electronics,Est Laptops Ele29,2779680.66,17
Electronics,Neque Accessories Ele30,2652826.17,18
Electronics,Dicta Accessories Ele32,2623604.35,19
Electronics,Esse Mobiles Ele23,2521046.19,20
Electronics,Unde Accessories Ele36,2416745.52,21
Electronics,Facilis Laptops Ele12,2373652.98,22
Electronics,Quaerat Laptops Ele37,1731331.78,23
Electronics,Deleniti Laptops Ele4,1665615.14,24
Electronics,Ducimus Accessories Ele34,1359316.48,25
Electronics,Perspiciatis Accessories Ele27,1300919.41,26
Electronics,Occaecati Accessories Ele24,1269068.23,27
Electronics,Suscipit Mobiles Ele5,1187727.88,28
Electronics,Ad Mobiles Ele19,1111459.99,29
Electronics,Optio Accessories Ele26,1042120.21,30
Electronics,Dolores Mobiles Ele28,745816.69,31
Electronics,Blanditiis Laptops Ele22,505709.39,32
Electronics,Sapiente Laptops Ele16,438581.86,33
Electronics,Animi Audio Ele7,368504.13,34
Electronics,Quas Laptops Ele14,142486.62,35
Electronics,Dolorem Laptops Ele3,119584.9,36
Electronics,Reprehenderit Audio Ele33,118328.53,37
Home,Modi Decor Hom87,3959452.92,1
Home,Repellat Cleaning Hom108,3851835.64,2
Home,Eveniet Furniture Hom97,3794644.44,3
Home,Consequuntur Furniture Hom92,3099039.65,4
Home,Quia Decor Hom83,2899194.4,5
Home,Quasi Decor Hom111,2762597.63,6
Home,Maxime Decor Hom80,2611387.76,7
Home,Nisi Furniture Hom93,2577549.32,8
Home,Id Decor Hom99,2552912.33,9
Home,Non Kitchen Hom77,2544141.18,10
Home,Laudantium Decor Hom88,2421815.08,11
Home,Totam Cleaning Hom76,2403057.55,12
Home,Perferendis Furniture Hom96,2350111.3,13
Home,Perspiciatis Cleaning Hom86,2073650.58,14
Home,Eum Decor Hom85,2047767.35,15
Home,Voluptatum Cleaning Hom106,2018721.5,16
Home,Quasi Decor Hom109,1934029.9,17
Home,Facere Cleaning Hom95,1792913.31,18
Home,Repudiandae Kitchen Hom89,1694601.37,19
Home,Repellat Decor Hom91,1663608.38,20
Home,Quasi Decor Hom78,1498431.29,21
Home,Ab Kitchen Hom105,1441658.66,22
Home,Sapiente Kitchen Hom100,1305666.2,23
Home,Voluptatem Furniture Hom82,1195702.26,24
Home,Aperiam Decor Hom81,1080493.88,25
Home,Nobis Cleaning Hom84,1038861.91,26
Home,Veritatis Furniture Hom75,1036225.33,27
Home,Voluptatem Decor Hom90,1023713.04,28
Home,Facere Cleaning Hom103,948952.45,29
Home,Quisquam Kitchen Hom101,833921.21,30
Home,Nihil Cleaning Hom79,760694.54,31
Home,Ab Cleaning Hom107,636130.76,32
Home,Blanditiis Cleaning Hom98,610686.36,33
Home,Nemo Furniture Hom102,238374.31,34
Home,Deleniti Furniture Hom94,182440.47,35
Home,Cumque Decor Hom110,75400.73,36
Home,Eaque Decor Hom104,59039.1,37
