customer_id,order_date,previous_order_date,days_gap,risk_flag
1.0,2024-12-04,,,At Risk
1.0,2024-12-09,2024-12-04,5.0,At Risk
1.0,2025-01-13,2024-12-09,35.0,At Risk
1.0,2025-01-14,2025-01-13,1.0,At Risk
1.0,2025-02-03,2025-01-14,20.0,At Risk
1.0,2025-02-06,2025-02-03,3.0,At Risk
1.0,2025-06-13,2025-02-06,127.0,At Risk
2.0,2024-01-14,,,At Risk
2.0,2024-08-05,2024-01-14,204.0,At Risk
2.0,2025-01-21,2024-08-05,169.0,At Risk
2.0,2025-04-24,2025-01-21,93.0,At Risk
4.0,2024-10-07,,,At Risk
4.0,2025-02-22,2024-10-07,138.0,At Risk
4.0,2025-04-30,2025-02-22,67.0,At Risk
4.0,2025-05-07,2025-04-30,7.0,At Risk
5.0,2024-05-21,,,At Risk
5.0,2024-10-03,2024-05-21,135.0,At Risk
5.0,2025-01-01,2024-10-03,90.0,At Risk
6.0,2024-12-26,,,Healthy
6.0,2025-01-09,2024-12-26,14.0,Healthy
6.0,2025-01-18,2025-01-09,9.0,Healthy
7.0,2024-08-22,,,At Risk
7.0,2024-12-15,2024-08-22,115.0,At Risk
7.0,2025-01-23,2024-12-15,39.0,At Risk
7.0,2025-03-24,2025-01-23,60.0,At Risk
9.0,2025-02-27,,,At Risk
9.0,2025-05-22,2025-02-27,84.0,At Risk
9.0,2025-05-26,2025-05-22,4.0,At Risk
10.0,2024-01-12,,,At Risk
10.0,2024-03-24,2024-01-12,72.0,At Risk
10.0,2024-05-14,2024-03-24,51.0,At Risk
10.0,2024-09-18,2024-05-14,127.0,At Risk
10.0,2024-10-09,2024-09-18,21.0,At Risk
10.0,2025-01-24,2024-10-09,107.0,At Risk
10.0,2025-06-07,2025-01-24,134.0,At Risk
11.0,2024-02-23,,,At Risk
11.0,2024-08-20,2024-02-23,179.0,At Risk
11.0,2025-01-05,2024-08-20,138.0,At Risk
11.0,2025-02-03,2025-01-05,29.0,At Risk
12.0,2025-01-06,,,At Risk
12.0,2025-05-08,2025-01-06,122.0,At Risk
13.0,2025-03-11,,,Healthy
13.0,2025-04-12,2025-03-11,32.0,Healthy
13.0,2025-04-27,2025-04-12,15.0,Healthy
13.0,2025-05-02,2025-04-27,5.0,Healthy
13.0,2025-05-28,2025-05-02,26.0,Healthy
13.0,2025-06-16,2025-05-28,19.0,Healthy
14.0,2024-12-19,,,At Risk
14.0,2025-02-16,2024-12-19,59.0,At Risk
16.0,2025-05-21,,,At Risk
16.0,2025-06-26,2025-05-21,36.0,At Risk
17.0,2025-02-10,,,At Risk
17.0,2025-03-10,2025-02-10,28.0,At Risk
17.0,2025-06-06,2025-03-10,88.0,At Risk
17.0,2025-06-18,2025-06-06,12.0,At Risk
18.0,2025-04-24,,,Healthy
18.0,2025-05-03,2025-04-24,9.0,Healthy
19.0,2024-08-23,,,At Risk
19.0,2024-09-15,2024-08-23,23.0,At Risk
19.0,2025-05-31,2024-09-15,258.0,At Risk
20.0,2024-05-24,,,At Risk
20.0,2024-10-26,2024-05-24,155.0,At Risk
20.0,2024-12-31,2024-10-26,66.0,At Risk
20.0,2025-05-19,2024-12-31,139.0,At Risk
20.0,2025-06-08,2025-05-19,20.0,At Risk
21.0,2024-04-20,,,At Risk
21.0,2024-07-23,2024-04-20,94.0,At Risk
21.0,2025-01-13,2024-07-23,174.0,At Risk
21.0,2025-06-12,2025-01-13,150.0,At Risk
21.0,2025-06-27,2025-06-12,15.0,At Risk
22.0,2025-06-02,,,Healthy
22.0,2025-06-08,2025-06-02,6.0,Healthy
22.0,2025-06-08,2025-06-08,0.0,Healthy
24.0,2024-03-16,,,At Risk
24.0,2024-03-25,2024-03-16,9.0,At Risk
24.0,2025-02-20,2024-03-25,332.0,At Risk
25.0,2025-06-10,,,Healthy
25.0,2025-06-18,2025-06-10,8.0,Healthy
25.0,2025-06-29,2025-06-18,11.0,Healthy
26.0,2025-01-06,,,At Risk
26.0,2025-04-09,2025-01-06,93.0,At Risk
26.0,2025-04-16,2025-04-09,7.0,At Risk
26.0,2025-04-19,2025-04-16,3.0,At Risk
26.0,2025-05-19,2025-04-19,30.0,At Risk
27.0,2023-12-28,,,At Risk
27.0,2024-04-26,2023-12-28,120.0,At Risk
27.0,2025-03-03,2024-04-26,311.0,At Risk
27.0,2025-06-19,2025-03-03,108.0,At Risk
28.0,2024-09-10,,,At Risk
28.0,2025-06-26,2024-09-10,289.0,At Risk
29.0,2025-05-24,,,Healthy
29.0,2025-06-13,2025-05-24,20.0,Healthy
29.0,2025-06-25,2025-06-13,12.0,Healthy
29.0,2025-06-26,2025-06-25,1.0,Healthy
30.0,2024-06-03,,,At Risk
30.0,2025-02-10,2024-06-03,252.0,At Risk
30.0,2025-05-25,2025-02-10,104.0,At Risk
31.0,2025-04-29,,,Healthy
31.0,2025-06-09,2025-04-29,41.0,Healthy
31.0,2025-06-10,2025-06-09,1.0,Healthy
32.0,2024-11-11,,,Healthy
32.0,2024-12-25,2024-11-11,44.0,Healthy
32.0,2024-12-27,2024-12-25,2.0,Healthy
33.0,2024-08-28,,,At Risk
33.0,2024-09-06,2024-08-28,9.0,At Risk
33.0,2024-11-28,2024-09-06,83.0,At Risk
33.0,2025-01-06,2024-11-28,39.0,At Risk
33.0,2025-03-13,2025-01-06,66.0,At Risk
34.0,2025-05-15,,,Healthy
34.0,2025-06-10,2025-05-15,26.0,Healthy
34.0,2025-06-22,2025-06-10,12.0,Healthy
35.0,2023-10-15,,,At Risk
35.0,2024-05-02,2023-10-15,200.0,At Risk
35.0,2024-05-23,2024-05-02,21.0,At Risk
36.0,2024-03-13,,,At Risk
36.0,2024-10-14,2024-03-13,215.0,At Risk
36.0,2025-02-06,2024-10-14,115.0,At Risk
37.0,2023-10-18,,,At Risk
37.0,2023-12-14,2023-10-18,57.0,At Risk
37.0,2024-06-27,2023-12-14,196.0,At Risk
37.0,2024-10-01,2024-06-27,96.0,At Risk
37.0,2025-03-11,2024-10-01,161.0,At Risk
37.0,2025-03-25,2025-03-11,14.0,At Risk
37.0,2025-03-26,2025-03-25,1.0,At Risk
39.0,2024-11-29,,,At Risk
39.0,2025-01-09,2024-11-29,41.0,At Risk
39.0,2025-03-23,2025-01-09,73.0,At Risk
40.0,2025-05-11,,,Healthy
40.0,2025-05-21,2025-05-11,10.0,Healthy
40.0,2025-06-23,2025-05-21,33.0,Healthy
40.0,2025-06-27,2025-06-23,4.0,Healthy
41.0,2023-10-23,,,At Risk
41.0,2023-12-11,2023-10-23,49.0,At Risk
41.0,2024-05-16,2023-12-11,157.0,At Risk
41.0,2024-06-05,2024-05-16,20.0,At Risk
41.0,2024-06-10,2024-06-05,5.0,At Risk
41.0,2024-10-20,2024-06-10,132.0,At Risk
41.0,2024-11-14,2024-10-20,25.0,At Risk
41.0,2025-02-08,2024-11-14,86.0,At Risk
41.0,2025-03-22,2025-02-08,42.0,At Risk
41.0,2025-04-24,2025-03-22,33.0,At Risk
42.0,2024-02-17,,,At Risk
42.0,2024-02-26,2024-02-17,9.0,At Risk
42.0,2024-04-11,2024-02-26,45.0,At Risk
42.0,2024-05-28,2024-04-11,47.0,At Risk
42.0,2024-11-21,2024-05-28,177.0,At Risk
43.0,2024-03-29,,,At Risk
43.0,2025-02-11,2024-03-29,319.0,At Risk
43.0,2025-04-30,2025-02-11,78.0,At Risk
44.0,2025-06-15,,,Healthy
44.0,2025-06-24,2025-06-15,9.0,Healthy
44.0,2025-06-27,2025-06-24,3.0,Healthy
45.0,2025-06-24,,,Healthy
45.0,2025-06-29,2025-06-24,5.0,Healthy
46.0,2025-05-15,,,Healthy
46.0,2025-05-18,2025-05-15,3.0,Healthy
46.0,2025-05-29,2025-05-18,11.0,Healthy
46.0,2025-05-31,2025-05-29,2.0,Healthy
46.0,2025-05-31,2025-05-31,0.0,Healthy
46.0,2025-06-01,2025-05-31,1.0,Healthy
46.0,2025-06-03,2025-06-01,2.0,Healthy
46.0,2025-06-17,2025-06-03,14.0,Healthy
46.0,2025-06-18,2025-06-17,1.0,Healthy
47.0,2025-03-16,,,At Risk
47.0,2025-05-13,2025-03-16,58.0,At Risk
47.0,2025-05-31,2025-05-13,18.0,At Risk
47.0,2025-06-18,2025-05-31,18.0,At Risk
49.0,2025-06-16,,,Healthy
49.0,2025-06-17,2025-06-16,1.0,Healthy
50.0,2025-01-14,,,Healthy
50.0,2025-02-12,2025-01-14,29.0,Healthy
50.0,2025-03-07,2025-02-12,23.0,Healthy
53.0,2024-07-28,,,At Risk
53.0,2025-02-25,2024-07-28,212.0,At Risk
54.0,2023-11-05,,,At Risk
54.0,2023-11-20,2023-11-05,15.0,At Risk
54.0,2023-12-08,2023-11-20,18.0,At Risk
54.0,2024-04-20,2023-12-08,134.0,At Risk
55.0,2025-03-04,,,At Risk
55.0,2025-05-01,2025-03-04,58.0,At Risk
56.0,2024-11-27,,,Healthy
56.0,2024-11-29,2024-11-27,2.0,Healthy
56.0,2025-01-02,2024-11-29,34.0,Healthy
56.0,2025-01-27,2025-01-02,25.0,Healthy
56.0,2025-02-19,2025-01-27,23.0,Healthy
56.0,2025-02-20,2025-02-19,1.0,Healthy
56.0,2025-03-03,2025-02-20,11.0,Healthy
57.0,2024-03-26,,,At Risk
57.0,2024-08-19,2024-03-26,146.0,At Risk
57.0,2025-02-04,2024-08-19,169.0,At Risk
58.0,2025-06-26,,,Healthy
58.0,2025-06-27,2025-06-26,1.0,Healthy
58.0,2025-06-28,2025-06-27,1.0,Healthy
58.0,2025-06-28,2025-06-28,0.0,Healthy
58.0,2025-06-29,2025-06-28,1.0,Healthy
59.0,2025-04-03,,,Healthy
59.0,2025-04-18,2025-04-03,15.0,Healthy
59.0,2025-05-10,2025-04-18,22.0,Healthy
59.0,2025-05-23,2025-05-10,13.0,Healthy
59.0,2025-06-19,2025-05-23,27.0,Healthy
59.0,2025-06-25,2025-06-19,6.0,Healthy
60.0,2025-05-13,,,At Risk
60.0,2025-06-15,2025-05-13,33.0,At Risk
61.0,2024-08-22,,,At Risk
61.0,2025-05-08,2024-08-22,259.0,At Risk
61.0,2025-05-24,2025-05-08,16.0,At Risk
62.0,2024-03-25,,,At Risk
62.0,2024-07-17,2024-03-25,114.0,At Risk
63.0,2024-09-11,,,At Risk
63.0,2024-09-24,2024-09-11,13.0,At Risk
63.0,2024-10-04,2024-09-24,10.0,At Risk
63.0,2024-11-18,2024-10-04,45.0,At Risk
63.0,2025-02-17,2024-11-18,91.0,At Risk
64.0,2023-12-06,,,At Risk
64.0,2025-03-11,2023-12-06,461.0,At Risk
64.0,2025-05-19,2025-03-11,69.0,At Risk
65.0,2023-12-12,,,At Risk
65.0,2025-02-15,2023-12-12,431.0,At Risk
66.0,2024-09-03,,,At Risk
66.0,2025-01-26,2024-09-03,145.0,At Risk
67.0,2024-11-18,,,Healthy
67.0,2024-12-17,2024-11-18,29.0,Healthy
67.0,2024-12-20,2024-12-17,3.0,Healthy
67.0,2024-12-30,2024-12-20,10.0,Healthy
67.0,2025-03-13,2024-12-30,73.0,Healthy
67.0,2025-03-14,2025-03-13,1.0,Healthy
67.0,2025-04-09,2025-03-14,26.0,Healthy
68.0,2025-01-21,,,At Risk
68.0,2025-03-04,2025-01-21,42.0,At Risk
68.0,2025-03-24,2025-03-04,20.0,At Risk
69.0,2024-07-17,,,At Risk
69.0,2024-08-19,2024-07-17,33.0,At Risk
70.0,2024-05-16,,,At Risk
70.0,2025-04-22,2024-05-16,341.0,At Risk
71.0,2024-09-18,,,At Risk
71.0,2024-10-25,2024-09-18,37.0,At Risk
71.0,2025-03-13,2024-10-25,139.0,At Risk
72.0,2025-04-01,,,At Risk
72.0,2025-05-23,2025-04-01,52.0,At Risk
72.0,2025-06-27,2025-05-23,35.0,At Risk
73.0,2024-10-19,,,At Risk
73.0,2025-02-08,2024-10-19,112.0,At Risk
73.0,2025-04-15,2025-02-08,66.0,At Risk
73.0,2025-06-09,2025-04-15,55.0,At Risk
73.0,2025-06-15,2025-06-09,6.0,At Risk
74.0,2024-04-11,,,At Risk
74.0,2024-06-17,2024-04-11,67.0,At Risk
75.0,2024-03-16,,,At Risk
75.0,2024-04-11,2024-03-16,26.0,At Risk
75.0,2024-04-17,2024-04-11,6.0,At Risk
75.0,2024-10-03,2024-04-17,169.0,At Risk
75.0,2025-01-08,2024-10-03,97.0,At Risk
75.0,2025-05-03,2025-01-08,115.0,At Risk
77.0,2025-04-12,,,Healthy
77.0,2025-04-24,2025-04-12,12.0,Healthy
77.0,2025-05-28,2025-04-24,34.0,Healthy
78.0,2025-04-18,,,Healthy
78.0,2025-04-19,2025-04-18,1.0,Healthy
78.0,2025-05-03,2025-04-19,14.0,Healthy
78.0,2025-05-31,2025-05-03,28.0,Healthy
78.0,2025-06-20,2025-05-31,20.0,Healthy
79.0,2024-10-19,,,At Risk
79.0,2024-11-17,2024-10-19,29.0,At Risk
79.0,2024-11-30,2024-11-17,13.0,At Risk
79.0,2025-01-04,2024-11-30,35.0,At Risk
79.0,2025-01-20,2025-01-04,16.0,At Risk
79.0,2025-05-08,2025-01-20,108.0,At Risk
80.0,2025-06-24,,,Healthy
80.0,2025-06-25,2025-06-24,1.0,Healthy
80.0,2025-06-27,2025-06-25,2.0,Healthy
80.0,2025-06-28,2025-06-27,1.0,Healthy
80.0,2025-06-28,2025-06-28,0.0,Healthy
80.0,2025-06-29,2025-06-28,1.0,Healthy
81.0,2024-01-30,,,At Risk
81.0,2024-08-19,2024-01-30,202.0,At Risk
81.0,2024-10-02,2024-08-19,44.0,At Risk
81.0,2024-12-23,2024-10-02,82.0,At Risk
81.0,2025-01-10,2024-12-23,18.0,At Risk
81.0,2025-03-14,2025-01-10,63.0,At Risk
82.0,2024-03-03,,,At Risk
82.0,2024-03-09,2024-03-03,6.0,At Risk
82.0,2024-11-11,2024-03-09,247.0,At Risk
84.0,2024-03-13,,,At Risk
84.0,2024-07-27,2024-03-13,136.0,At Risk
85.0,2024-03-21,,,Healthy
85.0,2024-03-22,2024-03-21,1.0,Healthy
85.0,2024-04-11,2024-03-22,20.0,Healthy
86.0,2025-03-03,,,Healthy
86.0,2025-03-10,2025-03-03,7.0,Healthy
86.0,2025-03-19,2025-03-10,9.0,Healthy
86.0,2025-03-21,2025-03-19,2.0,Healthy
86.0,2025-05-13,2025-03-21,53.0,Healthy
87.0,2023-11-10,,,At Risk
87.0,2023-11-14,2023-11-10,4.0,At Risk
87.0,2024-01-11,2023-11-14,58.0,At Risk
87.0,2024-04-08,2024-01-11,88.0,At Risk
87.0,2024-06-30,2024-04-08,83.0,At Risk
87.0,2024-11-17,2024-06-30,140.0,At Risk
87.0,2025-02-15,2024-11-17,90.0,At Risk
87.0,2025-03-04,2025-02-15,17.0,At Risk
87.0,2025-06-15,2025-03-04,103.0,At Risk
88.0,2024-05-20,,,At Risk
88.0,2024-09-30,2024-05-20,133.0,At Risk
88.0,2025-03-06,2024-09-30,157.0,At Risk
89.0,2025-03-21,,,Healthy
89.0,2025-04-03,2025-03-21,13.0,Healthy
90.0,2024-07-13,,,At Risk
90.0,2024-11-19,2024-07-13,129.0,At Risk
90.0,2025-01-28,2024-11-19,70.0,At Risk
91.0,2023-10-06,,,At Risk
91.0,2024-02-06,2023-10-06,123.0,At Risk
91.0,2024-09-05,2024-02-06,212.0,At Risk
92.0,2025-04-13,,,At Risk
92.0,2025-06-07,2025-04-13,55.0,At Risk
92.0,2025-06-15,2025-06-07,8.0,At Risk
93.0,2025-02-11,,,Healthy
93.0,2025-03-27,2025-02-11,44.0,Healthy
93.0,2025-04-09,2025-03-27,13.0,Healthy
94.0,2025-06-01,,,Healthy
94.0,2025-06-05,2025-06-01,4.0,Healthy
95.0,2025-01-10,,,At Risk
95.0,2025-03-31,2025-01-10,80.0,At Risk
96.0,2024-11-09,,,At Risk
96.0,2025-01-17,2024-11-09,69.0,At Risk
96.0,2025-01-20,2025-01-17,3.0,At Risk
97.0,2025-06-18,,,Healthy
97.0,2025-06-21,2025-06-18,3.0,Healthy
98.0,2024-05-15,,,At Risk
98.0,2024-12-01,2024-05-15,200.0,At Risk
98.0,2025-03-16,2024-12-01,105.0,At Risk
98.0,2025-05-01,2025-03-16,46.0,At Risk
98.0,2025-05-07,2025-05-01,6.0,At Risk
98.0,2025-05-10,2025-05-07,3.0,At Risk
99.0,2024-11-22,,,At Risk
99.0,2024-12-21,2024-11-22,29.0,At Risk
99.0,2025-01-16,2024-12-21,26.0,At Risk
99.0,2025-03-25,2025-01-16,68.0,At Risk
99.0,2025-04-16,2025-03-25,22.0,At Risk
99.0,2025-05-25,2025-04-16,39.0,At Risk
100.0,2025-05-23,,,Healthy
100.0,2025-05-23,2025-05-23,0.0,Healthy
100.0,2025-05-26,2025-05-23,3.0,Healthy
100.0,2025-06-02,2025-05-26,7.0,Healthy
100.0,2025-06-05,2025-06-02,3.0,Healthy
100.0,2025-06-07,2025-06-05,2.0,Healthy
100.0,2025-06-13,2025-06-07,6.0,Healthy
100.0,2025-06-24,2025-06-13,11.0,Healthy
101.0,2024-06-29,,,At Risk
101.0,2024-08-21,2024-06-29,53.0,At Risk
101.0,2024-12-09,2024-08-21,110.0,At Risk
101.0,2025-03-14,2024-12-09,95.0,At Risk
101.0,2025-06-25,2025-03-14,103.0,At Risk
102.0,2023-09-23,,,At Risk
102.0,2023-10-24,2023-09-23,31.0,At Risk
102.0,2023-12-14,2023-10-24,51.0,At Risk
102.0,2024-01-30,2023-12-14,47.0,At Risk
102.0,2024-10-10,2024-01-30,254.0,At Risk
103.0,2024-07-15,,,At Risk
103.0,2024-07-19,2024-07-15,4.0,At Risk
103.0,2025-01-12,2024-07-19,177.0,At Risk
104.0,2024-01-10,,,At Risk
104.0,2024-01-31,2024-01-10,21.0,At Risk
104.0,2024-02-17,2024-01-31,17.0,At Risk
104.0,2024-12-19,2024-02-17,306.0,At Risk
104.0,2025-01-27,2024-12-19,39.0,At Risk
104.0,2025-06-25,2025-01-27,149.0,At Risk
105.0,2023-10-06,,,At Risk
105.0,2023-12-20,2023-10-06,75.0,At Risk
105.0,2024-01-11,2023-12-20,22.0,At Risk
106.0,2024-02-12,,,At Risk
106.0,2024-02-17,2024-02-12,5.0,At Risk
106.0,2024-11-19,2024-02-17,276.0,At Risk
106.0,2025-03-31,2024-11-19,132.0,At Risk
106.0,2025-04-18,2025-03-31,18.0,At Risk
107.0,2024-11-08,,,At Risk
107.0,2024-11-19,2024-11-08,11.0,At Risk
107.0,2025-02-02,2024-11-19,75.0,At Risk
107.0,2025-02-11,2025-02-02,9.0,At Risk
107.0,2025-05-22,2025-02-11,100.0,At Risk
108.0,2025-02-18,,,At Risk
108.0,2025-05-30,2025-02-18,101.0,At Risk
108.0,2025-06-03,2025-05-30,4.0,At Risk
109.0,2025-06-04,,,Healthy
109.0,2025-06-06,2025-06-04,2.0,Healthy
109.0,2025-06-14,2025-06-06,8.0,Healthy
109.0,2025-06-23,2025-06-14,9.0,Healthy
109.0,2025-06-26,2025-06-23,3.0,Healthy
109.0,2025-06-27,2025-06-26,1.0,Healthy
110.0,2025-04-22,,,Healthy
110.0,2025-04-30,2025-04-22,8.0,Healthy
110.0,2025-05-02,2025-04-30,2.0,Healthy
110.0,2025-05-03,2025-05-02,1.0,Healthy
110.0,2025-05-04,2025-05-03,1.0,Healthy
110.0,2025-05-07,2025-05-04,3.0,Healthy
111.0,2024-01-14,,,At Risk
111.0,2024-02-02,2024-01-14,19.0,At Risk
111.0,2024-11-01,2024-02-02,273.0,At Risk
111.0,2025-04-13,2024-11-01,163.0,At Risk
112.0,2024-06-30,,,At Risk
112.0,2025-01-27,2024-06-30,211.0,At Risk
112.0,2025-05-10,2025-01-27,103.0,At Risk
112.0,2025-05-30,2025-05-10,20.0,At Risk
113.0,2024-04-27,,,At Risk
113.0,2024-06-14,2024-04-27,48.0,At Risk
113.0,2024-09-01,2024-06-14,79.0,At Risk
113.0,2024-12-07,2024-09-01,97.0,At Risk
113.0,2025-01-29,2024-12-07,53.0,At Risk
113.0,2025-04-12,2025-01-29,73.0,At Risk
114.0,2025-05-16,,,Healthy
114.0,2025-05-21,2025-05-16,5.0,Healthy
114.0,2025-06-07,2025-05-21,17.0,Healthy
114.0,2025-06-12,2025-06-07,5.0,Healthy
114.0,2025-06-19,2025-06-12,7.0,Healthy
115.0,2024-07-03,,,At Risk
115.0,2024-09-03,2024-07-03,62.0,At Risk
115.0,2025-01-12,2024-09-03,131.0,At Risk
115.0,2025-01-27,2025-01-12,15.0,At Risk
116.0,2024-08-20,,,At Risk
116.0,2025-05-08,2024-08-20,261.0,At Risk
118.0,2025-01-13,,,At Risk
118.0,2025-04-10,2025-01-13,87.0,At Risk
119.0,2024-03-24,,,At Risk
119.0,2024-10-05,2024-03-24,195.0,At Risk
119.0,2024-10-15,2024-10-05,10.0,At Risk
121.0,2025-01-17,,,Healthy
121.0,2025-03-07,2025-01-17,49.0,Healthy
121.0,2025-03-15,2025-03-07,8.0,Healthy
121.0,2025-06-12,2025-03-15,89.0,Healthy
121.0,2025-06-18,2025-06-12,6.0,Healthy
121.0,2025-06-21,2025-06-18,3.0,Healthy
121.0,2025-06-23,2025-06-21,2.0,Healthy
122.0,2024-02-11,,,At Risk
122.0,2024-03-20,2024-02-11,38.0,At Risk
122.0,2024-11-27,2024-03-20,252.0,At Risk
122.0,2025-02-02,2024-11-27,67.0,At Risk
123.0,2025-02-18,,,At Risk
123.0,2025-05-05,2025-02-18,76.0,At Risk
123.0,2025-06-14,2025-05-05,40.0,At Risk
124.0,2024-08-27,,,At Risk
124.0,2025-04-10,2024-08-27,226.0,At Risk
124.0,2025-04-21,2025-04-10,11.0,At Risk
125.0,2023-12-23,,,At Risk
125.0,2025-02-18,2023-12-23,423.0,At Risk
126.0,2025-05-22,,,Healthy
126.0,2025-05-30,2025-05-22,8.0,Healthy
127.0,2023-12-08,,,At Risk
127.0,2025-02-10,2023-12-08,430.0,At Risk
128.0,2023-12-16,,,At Risk
128.0,2023-12-18,2023-12-16,2.0,At Risk
128.0,2023-12-24,2023-12-18,6.0,At Risk
128.0,2024-05-31,2023-12-24,159.0,At Risk
128.0,2024-11-01,2024-05-31,154.0,At Risk
129.0,2025-04-24,,,Healthy
129.0,2025-04-28,2025-04-24,4.0,Healthy
130.0,2025-05-21,,,Healthy
130.0,2025-05-31,2025-05-21,10.0,Healthy
130.0,2025-06-03,2025-05-31,3.0,Healthy
130.0,2025-06-12,2025-06-03,9.0,Healthy
130.0,2025-06-22,2025-06-12,10.0,Healthy
131.0,2025-02-19,,,At Risk
131.0,2025-03-20,2025-02-19,29.0,At Risk
131.0,2025-05-20,2025-03-20,61.0,At Risk
131.0,2025-05-23,2025-05-20,3.0,At Risk
131.0,2025-06-25,2025-05-23,33.0,At Risk
133.0,2024-01-04,,,At Risk
133.0,2024-07-30,2024-01-04,208.0,At Risk
133.0,2024-10-12,2024-07-30,74.0,At Risk
133.0,2024-12-05,2024-10-12,54.0,At Risk
134.0,2024-05-31,,,At Risk
134.0,2024-06-11,2024-05-31,11.0,At Risk
134.0,2025-02-19,2024-06-11,253.0,At Risk
134.0,2025-06-13,2025-02-19,114.0,At Risk
135.0,2024-12-18,,,At Risk
135.0,2025-02-01,2024-12-18,45.0,At Risk
135.0,2025-03-12,2025-02-01,39.0,At Risk
136.0,2025-05-07,,,Healthy
136.0,2025-05-11,2025-05-07,4.0,Healthy
136.0,2025-05-15,2025-05-11,4.0,Healthy
136.0,2025-05-25,2025-05-15,10.0,Healthy
136.0,2025-06-14,2025-05-25,20.0,Healthy
137.0,2024-07-12,,,At Risk
137.0,2024-09-03,2024-07-12,53.0,At Risk
137.0,2025-03-10,2024-09-03,188.0,At Risk
138.0,2024-02-03,,,Healthy
138.0,2024-02-06,2024-02-03,3.0,Healthy
138.0,2024-03-29,2024-02-06,52.0,Healthy
140.0,2025-03-17,,,At Risk
140.0,2025-03-22,2025-03-17,5.0,At Risk
140.0,2025-05-19,2025-03-22,58.0,At Risk
141.0,2023-11-05,,,At Risk
141.0,2025-02-23,2023-11-05,476.0,At Risk
142.0,2025-03-06,,,At Risk
142.0,2025-03-08,2025-03-06,2.0,At Risk
142.0,2025-06-12,2025-03-08,96.0,At Risk
143.0,2023-12-04,,,At Risk
143.0,2024-04-08,2023-12-04,126.0,At Risk
143.0,2025-05-08,2024-04-08,395.0,At Risk
144.0,2025-02-28,,,At Risk
144.0,2025-04-29,2025-02-28,60.0,At Risk
144.0,2025-06-14,2025-04-29,46.0,At Risk
145.0,2024-09-19,,,At Risk
145.0,2024-10-22,2024-09-19,33.0,At Risk
146.0,2023-11-22,,,At Risk
146.0,2024-07-22,2023-11-22,243.0,At Risk
146.0,2024-08-10,2024-07-22,19.0,At Risk
146.0,2024-09-10,2024-08-10,31.0,At Risk
146.0,2025-03-31,2024-09-10,202.0,At Risk
146.0,2025-04-12,2025-03-31,12.0,At Risk
147.0,2023-09-20,,,At Risk
147.0,2024-03-21,2023-09-20,183.0,At Risk
147.0,2025-01-17,2024-03-21,302.0,At Risk
150.0,2025-06-07,,,Healthy
150.0,2025-06-22,2025-06-07,15.0,Healthy
150.0,2025-06-24,2025-06-22,2.0,Healthy
150.0,2025-06-24,2025-06-24,0.0,Healthy
150.0,2025-06-24,2025-06-24,0.0,Healthy
151.0,2024-05-20,,,At Risk
151.0,2024-12-08,2024-05-20,202.0,At Risk
152.0,2025-05-06,,,Healthy
152.0,2025-05-19,2025-05-06,13.0,Healthy
152.0,2025-05-20,2025-05-19,1.0,Healthy
152.0,2025-06-05,2025-05-20,16.0,Healthy
152.0,2025-06-24,2025-06-05,19.0,Healthy
152.0,2025-06-24,2025-06-24,0.0,Healthy
152.0,2025-06-25,2025-06-24,1.0,Healthy
152.0,2025-06-26,2025-06-25,1.0,Healthy
153.0,2024-05-09,,,At Risk
153.0,2024-11-16,2024-05-09,191.0,At Risk
153.0,2025-02-20,2024-11-16,96.0,At Risk
153.0,2025-04-16,2025-02-20,55.0,At Risk
154.0,2024-08-13,,,At Risk
154.0,2024-10-05,2024-08-13,53.0,At Risk
154.0,2025-02-03,2024-10-05,121.0,At Risk
154.0,2025-04-20,2025-02-03,76.0,At Risk
155.0,2025-05-31,,,Healthy
155.0,2025-06-04,2025-05-31,4.0,Healthy
155.0,2025-06-08,2025-06-04,4.0,Healthy
156.0,2024-02-17,,,At Risk
156.0,2024-12-03,2024-02-17,290.0,At Risk
156.0,2024-12-24,2024-12-03,21.0,At Risk
157.0,2024-10-21,,,At Risk
157.0,2025-04-30,2024-10-21,191.0,At Risk
157.0,2025-05-09,2025-04-30,9.0,At Risk
158.0,2023-12-15,,,At Risk
158.0,2024-06-02,2023-12-15,170.0,At Risk
158.0,2024-07-06,2024-06-02,34.0,At Risk
158.0,2024-09-01,2024-07-06,57.0,At Risk
158.0,2024-10-18,2024-09-01,47.0,At Risk
158.0,2024-11-30,2024-10-18,43.0,At Risk
158.0,2025-05-19,2024-11-30,170.0,At Risk
159.0,2025-01-23,,,Healthy
159.0,2025-02-05,2025-01-23,13.0,Healthy
160.0,2024-11-07,,,Healthy
160.0,2024-11-29,2024-11-07,22.0,Healthy
160.0,2024-12-08,2024-11-29,9.0,Healthy
161.0,2025-05-28,,,Healthy
161.0,2025-06-21,2025-05-28,24.0,Healthy
161.0,2025-06-28,2025-06-21,7.0,Healthy
162.0,2025-01-25,,,Healthy
162.0,2025-02-07,2025-01-25,13.0,Healthy
164.0,2025-06-09,,,Healthy
164.0,2025-06-19,2025-06-09,10.0,Healthy
164.0,2025-06-20,2025-06-19,1.0,Healthy
165.0,2024-01-31,,,At Risk
165.0,2024-07-01,2024-01-31,152.0,At Risk
165.0,2024-09-03,2024-07-01,64.0,At Risk
165.0,2024-10-27,2024-09-03,54.0,At Risk
165.0,2024-12-15,2024-10-27,49.0,At Risk
165.0,2025-04-22,2024-12-15,128.0,At Risk
166.0,2023-08-25,,,At Risk
166.0,2023-09-12,2023-08-25,18.0,At Risk
166.0,2023-11-15,2023-09-12,64.0,At Risk
166.0,2024-06-07,2023-11-15,205.0,At Risk
166.0,2024-08-12,2024-06-07,66.0,At Risk
166.0,2024-10-30,2024-08-12,79.0,At Risk
169.0,2024-12-08,,,At Risk
169.0,2024-12-13,2024-12-08,5.0,At Risk
169.0,2025-02-18,2024-12-13,67.0,At Risk
169.0,2025-02-24,2025-02-18,6.0,At Risk
169.0,2025-03-21,2025-02-24,25.0,At Risk
169.0,2025-05-11,2025-03-21,51.0,At Risk
170.0,2023-11-02,,,At Risk
170.0,2024-02-04,2023-11-02,94.0,At Risk
170.0,2024-12-09,2024-02-04,309.0,At Risk
170.0,2025-01-28,2024-12-09,50.0,At Risk
171.0,2025-01-14,,,At Risk
171.0,2025-01-25,2025-01-14,11.0,At Risk
171.0,2025-03-03,2025-01-25,37.0,At Risk
171.0,2025-04-30,2025-03-03,58.0,At Risk
171.0,2025-06-06,2025-04-30,37.0,At Risk
173.0,2025-06-14,,,Healthy
173.0,2025-06-15,2025-06-14,1.0,Healthy
173.0,2025-06-15,2025-06-15,0.0,Healthy
173.0,2025-06-21,2025-06-15,6.0,Healthy
174.0,2024-09-22,,,At Risk
174.0,2024-10-25,2024-09-22,33.0,At Risk
174.0,2025-02-17,2024-10-25,115.0,At Risk
175.0,2024-06-17,,,At Risk
175.0,2025-03-07,2024-06-17,263.0,At Risk
176.0,2024-11-20,,,At Risk
176.0,2025-05-18,2024-11-20,179.0,At Risk
176.0,2025-05-25,2025-05-18,7.0,At Risk
176.0,2025-06-13,2025-05-25,19.0,At Risk
177.0,2025-06-13,,,Healthy
177.0,2025-06-13,2025-06-13,0.0,Healthy
177.0,2025-06-16,2025-06-13,3.0,Healthy
177.0,2025-06-22,2025-06-16,6.0,Healthy
177.0,2025-06-27,2025-06-22,5.0,Healthy
178.0,2025-03-19,,,Healthy
178.0,2025-03-29,2025-03-19,10.0,Healthy
178.0,2025-04-29,2025-03-29,31.0,Healthy
178.0,2025-05-12,2025-04-29,13.0,Healthy
178.0,2025-06-19,2025-05-12,38.0,Healthy
179.0,2025-03-13,,,Healthy
179.0,2025-03-14,2025-03-13,1.0,Healthy
179.0,2025-05-11,2025-03-14,58.0,Healthy
180.0,2023-11-29,,,At Risk
180.0,2023-12-28,2023-11-29,29.0,At Risk
180.0,2024-05-14,2023-12-28,138.0,At Risk
181.0,2024-02-21,,,At Risk
181.0,2024-10-06,2024-02-21,228.0,At Risk
181.0,2024-12-09,2024-10-06,64.0,At Risk
182.0,2024-07-24,,,At Risk
182.0,2024-08-18,2024-07-24,25.0,At Risk
182.0,2024-11-06,2024-08-18,80.0,At Risk
182.0,2025-06-15,2024-11-06,221.0,At Risk
183.0,2024-10-14,,,At Risk
183.0,2025-04-02,2024-10-14,170.0,At Risk
184.0,2024-12-10,,,At Risk
184.0,2025-02-02,2024-12-10,54.0,At Risk
184.0,2025-05-22,2025-02-02,109.0,At Risk
184.0,2025-05-26,2025-05-22,4.0,At Risk
185.0,2024-04-16,,,At Risk
185.0,2024-09-10,2024-04-16,147.0,At Risk
185.0,2024-09-23,2024-09-10,13.0,At Risk
185.0,2025-01-21,2024-09-23,120.0,At Risk
185.0,2025-05-22,2025-01-21,121.0,At Risk
185.0,2025-06-20,2025-05-22,29.0,At Risk
186.0,2023-12-30,,,At Risk
186.0,2024-07-20,2023-12-30,203.0,At Risk
186.0,2024-09-16,2024-07-20,58.0,At Risk
187.0,2024-12-05,,,At Risk
187.0,2025-05-22,2024-12-05,168.0,At Risk
188.0,2024-04-26,,,At Risk
188.0,2024-07-11,2024-04-26,76.0,At Risk
189.0,2023-11-10,,,At Risk
189.0,2024-01-11,2023-11-10,62.0,At Risk
189.0,2024-04-15,2024-01-11,95.0,At Risk
189.0,2024-04-24,2024-04-15,9.0,At Risk
189.0,2024-04-27,2024-04-24,3.0,At Risk
189.0,2025-06-10,2024-04-27,409.0,At Risk
190.0,2025-03-07,,,At Risk
190.0,2025-04-13,2025-03-07,37.0,At Risk
191.0,2025-04-15,,,Healthy
191.0,2025-05-12,2025-04-15,27.0,Healthy
192.0,2024-11-06,,,At Risk
192.0,2025-06-25,2024-11-06,231.0,At Risk
193.0,2025-04-06,,,Healthy
193.0,2025-04-13,2025-04-06,7.0,Healthy
193.0,2025-05-01,2025-04-13,18.0,Healthy
193.0,2025-06-06,2025-05-01,36.0,Healthy
193.0,2025-06-15,2025-06-06,9.0,Healthy
194.0,2025-03-27,,,At Risk
194.0,2025-06-19,2025-03-27,84.0,At Risk
194.0,2025-06-28,2025-06-19,9.0,At Risk
195.0,2024-12-08,,,At Risk
195.0,2025-03-18,2024-12-08,100.0,At Risk
195.0,2025-03-23,2025-03-18,5.0,At Risk
195.0,2025-04-02,2025-03-23,10.0,At Risk
195.0,2025-05-11,2025-04-02,39.0,At Risk
195.0,2025-06-22,2025-05-11,42.0,At Risk
197.0,2024-04-06,,,At Risk
197.0,2024-09-22,2024-04-06,169.0,At Risk
197.0,2025-01-02,2024-09-22,102.0,At Risk
201.0,2023-10-20,,,At Risk
201.0,2024-01-04,2023-10-20,76.0,At Risk
201.0,2024-03-04,2024-01-04,60.0,At Risk
202.0,2025-05-15,,,Healthy
202.0,2025-05-18,2025-05-15,3.0,Healthy
203.0,2024-04-06,,,At Risk
203.0,2024-09-27,2024-04-06,174.0,At Risk
203.0,2025-04-09,2024-09-27,194.0,At Risk
205.0,2025-01-22,,,At Risk
205.0,2025-03-04,2025-01-22,41.0,At Risk
207.0,2024-08-25,,,At Risk
207.0,2025-01-09,2024-08-25,137.0,At Risk
207.0,2025-05-23,2025-01-09,134.0,At Risk
207.0,2025-06-18,2025-05-23,26.0,At Risk
208.0,2024-01-21,,,At Risk
208.0,2024-03-08,2024-01-21,47.0,At Risk
208.0,2024-04-28,2024-03-08,51.0,At Risk
208.0,2024-06-16,2024-04-28,49.0,At Risk
208.0,2024-10-18,2024-06-16,124.0,At Risk
209.0,2025-02-06,,,At Risk
209.0,2025-04-06,2025-02-06,59.0,At Risk
210.0,2024-03-30,,,At Risk
210.0,2024-05-01,2024-03-30,32.0,At Risk
210.0,2024-06-10,2024-05-01,40.0,At Risk
210.0,2024-10-13,2024-06-10,125.0,At Risk
210.0,2025-01-17,2024-10-13,96.0,At Risk
211.0,2024-02-29,,,At Risk
211.0,2024-11-17,2024-02-29,262.0,At Risk
211.0,2025-03-02,2024-11-17,105.0,At Risk
211.0,2025-06-28,2025-03-02,118.0,At Risk
212.0,2023-12-06,,,At Risk
212.0,2023-12-17,2023-12-06,11.0,At Risk
212.0,2024-02-22,2023-12-17,67.0,At Risk
212.0,2024-10-22,2024-02-22,243.0,At Risk
212.0,2024-10-29,2024-10-22,7.0,At Risk
213.0,2024-12-13,,,At Risk
213.0,2025-01-09,2024-12-13,27.0,At Risk
213.0,2025-02-18,2025-01-09,40.0,At Risk
213.0,2025-05-18,2025-02-18,89.0,At Risk
213.0,2025-05-19,2025-05-18,1.0,At Risk
213.0,2025-05-30,2025-05-19,11.0,At Risk
215.0,2023-09-02,,,At Risk
215.0,2025-03-14,2023-09-02,559.0,At Risk
215.0,2025-04-04,2025-03-14,21.0,At Risk
215.0,2025-04-05,2025-04-04,1.0,At Risk
216.0,2024-08-15,,,At Risk
216.0,2024-12-29,2024-08-15,136.0,At Risk
216.0,2025-04-15,2024-12-29,107.0,At Risk
217.0,2024-04-23,,,At Risk
217.0,2024-07-20,2024-04-23,88.0,At Risk
217.0,2024-12-10,2024-07-20,143.0,At Risk
217.0,2025-06-19,2024-12-10,191.0,At Risk
219.0,2023-10-20,,,At Risk
219.0,2024-05-30,2023-10-20,223.0,At Risk
219.0,2024-12-26,2024-05-30,210.0,At Risk
220.0,2023-12-08,,,At Risk
220.0,2024-04-13,2023-12-08,127.0,At Risk
220.0,2025-03-10,2024-04-13,331.0,At Risk
221.0,2025-04-26,,,Healthy
221.0,2025-05-15,2025-04-26,19.0,Healthy
221.0,2025-06-17,2025-05-15,33.0,Healthy
222.0,2025-02-13,,,At Risk
222.0,2025-04-29,2025-02-13,75.0,At Risk
222.0,2025-05-06,2025-04-29,7.0,At Risk
224.0,2023-10-19,,,At Risk
224.0,2023-11-13,2023-10-19,25.0,At Risk
224.0,2024-07-20,2023-11-13,250.0,At Risk
225.0,2025-03-24,,,Healthy
225.0,2025-04-06,2025-03-24,13.0,Healthy
225.0,2025-04-12,2025-04-06,6.0,Healthy
226.0,2024-08-20,,,At Risk
226.0,2024-11-18,2024-08-20,90.0,At Risk
226.0,2024-12-18,2024-11-18,30.0,At Risk
226.0,2025-04-11,2024-12-18,114.0,At Risk
226.0,2025-04-13,2025-04-11,2.0,At Risk
227.0,2025-04-10,,,Healthy
227.0,2025-04-19,2025-04-10,9.0,Healthy
228.0,2023-10-16,,,At Risk
228.0,2024-01-05,2023-10-16,81.0,At Risk
228.0,2024-03-29,2024-01-05,84.0,At Risk
228.0,2025-01-29,2024-03-29,306.0,At Risk
228.0,2025-05-01,2025-01-29,92.0,At Risk
228.0,2025-05-19,2025-05-01,18.0,At Risk
228.0,2025-06-08,2025-05-19,20.0,At Risk
230.0,2025-01-26,,,At Risk
230.0,2025-04-26,2025-01-26,90.0,At Risk
230.0,2025-05-27,2025-04-26,31.0,At Risk
230.0,2025-06-01,2025-05-27,5.0,At Risk
230.0,2025-06-18,2025-06-01,17.0,At Risk
231.0,2025-03-30,,,Healthy
231.0,2025-04-29,2025-03-30,30.0,Healthy
231.0,2025-05-04,2025-04-29,5.0,Healthy
231.0,2025-05-13,2025-05-04,9.0,Healthy
232.0,2024-04-30,,,At Risk
232.0,2024-06-19,2024-04-30,50.0,At Risk
232.0,2024-07-07,2024-06-19,18.0,At Risk
232.0,2025-05-22,2024-07-07,319.0,At Risk
233.0,2025-05-25,,,Healthy
233.0,2025-05-25,2025-05-25,0.0,Healthy
233.0,2025-06-07,2025-05-25,13.0,Healthy
234.0,2024-08-24,,,At Risk
234.0,2024-10-08,2024-08-24,45.0,At Risk
234.0,2024-11-12,2024-10-08,35.0,At Risk
234.0,2024-12-16,2024-11-12,34.0,At Risk
236.0,2025-01-19,,,At Risk
236.0,2025-03-09,2025-01-19,49.0,At Risk
236.0,2025-04-19,2025-03-09,41.0,At Risk
237.0,2024-08-09,,,Healthy
237.0,2024-08-10,2024-08-09,1.0,Healthy
238.0,2025-04-23,,,At Risk
238.0,2025-05-12,2025-04-23,19.0,At Risk
238.0,2025-06-23,2025-05-12,42.0,At Risk
241.0,2024-12-18,,,At Risk
241.0,2025-02-23,2024-12-18,67.0,At Risk
241.0,2025-04-02,2025-02-23,38.0,At Risk
242.0,2024-05-27,,,At Risk
242.0,2025-01-18,2024-05-27,236.0,At Risk
243.0,2023-12-30,,,At Risk
243.0,2024-02-09,2023-12-30,41.0,At Risk
243.0,2024-10-28,2024-02-09,262.0,At Risk
243.0,2025-05-26,2024-10-28,210.0,At Risk
245.0,2024-08-30,,,At Risk
245.0,2024-10-02,2024-08-30,33.0,At Risk
245.0,2025-02-11,2024-10-02,132.0,At Risk
246.0,2024-10-08,,,At Risk
246.0,2025-05-20,2024-10-08,224.0,At Risk
247.0,2024-03-01,,,At Risk
247.0,2024-07-04,2024-03-01,125.0,At Risk
249.0,2024-10-28,,,At Risk
249.0,2024-11-24,2024-10-28,27.0,At Risk
249.0,2024-12-19,2024-11-24,25.0,At Risk
249.0,2025-05-13,2024-12-19,145.0,At Risk
250.0,2024-05-10,,,At Risk
250.0,2024-12-25,2024-05-10,229.0,At Risk
250.0,2025-04-20,2024-12-25,116.0,At Risk
250.0,2025-06-06,2025-04-20,47.0,At Risk
251.0,2025-03-23,,,Healthy
251.0,2025-03-27,2025-03-23,4.0,Healthy
251.0,2025-05-21,2025-03-27,55.0,Healthy
252.0,2024-11-03,,,At Risk
252.0,2025-06-15,2024-11-03,224.0,At Risk
253.0,2024-05-04,,,At Risk
253.0,2024-06-24,2024-05-04,51.0,At Risk
253.0,2024-07-03,2024-06-24,9.0,At Risk
253.0,2025-02-22,2024-07-03,234.0,At Risk
254.0,2024-02-16,,,At Risk
254.0,2024-03-21,2024-02-16,34.0,At Risk
254.0,2024-06-27,2024-03-21,98.0,At Risk
254.0,2024-07-21,2024-06-27,24.0,At Risk
254.0,2025-06-21,2024-07-21,335.0,At Risk
255.0,2025-06-28,,,Healthy
255.0,2025-06-28,2025-06-28,0.0,Healthy
255.0,2025-06-28,2025-06-28,0.0,Healthy
255.0,2025-06-28,2025-06-28,0.0,Healthy
255.0,2025-06-29,2025-06-28,1.0,Healthy
255.0,2025-06-29,2025-06-29,0.0,Healthy
256.0,2025-06-04,,,Healthy
256.0,2025-06-07,2025-06-04,3.0,Healthy
256.0,2025-06-08,2025-06-07,1.0,Healthy
256.0,2025-06-23,2025-06-08,15.0,Healthy
256.0,2025-06-29,2025-06-23,6.0,Healthy
257.0,2024-12-23,,,At Risk
257.0,2025-04-15,2024-12-23,113.0,At Risk
257.0,2025-05-08,2025-04-15,23.0,At Risk
259.0,2024-03-19,,,At Risk
259.0,2024-10-24,2024-03-19,219.0,At Risk
260.0,2025-04-26,,,Healthy
260.0,2025-05-16,2025-04-26,20.0,Healthy
261.0,2024-05-20,,,At Risk
261.0,2025-04-12,2024-05-20,327.0,At Risk
261.0,2025-04-26,2025-04-12,14.0,At Risk
262.0,2024-11-17,,,At Risk
262.0,2024-12-24,2024-11-17,37.0,At Risk
262.0,2025-03-11,2024-12-24,77.0,At Risk
262.0,2025-06-10,2025-03-11,91.0,At Risk
263.0,2024-12-03,,,At Risk
263.0,2024-12-18,2024-12-03,15.0,At Risk
263.0,2025-06-21,2024-12-18,185.0,At Risk
265.0,2025-02-01,,,Healthy
265.0,2025-02-18,2025-02-01,17.0,Healthy
265.0,2025-04-14,2025-02-18,55.0,Healthy
265.0,2025-04-23,2025-04-14,9.0,Healthy
266.0,2025-01-24,,,Healthy
266.0,2025-02-24,2025-01-24,31.0,Healthy
266.0,2025-03-13,2025-02-24,17.0,Healthy
266.0,2025-04-14,2025-03-13,32.0,Healthy
266.0,2025-05-20,2025-04-14,36.0,Healthy
266.0,2025-05-24,2025-05-20,4.0,Healthy
267.0,2024-06-20,,,At Risk
267.0,2024-09-09,2024-06-20,81.0,At Risk
267.0,2024-11-01,2024-09-09,53.0,At Risk
267.0,2025-05-15,2024-11-01,195.0,At Risk
268.0,2024-09-11,,,At Risk
268.0,2024-09-25,2024-09-11,14.0,At Risk
268.0,2024-12-29,2024-09-25,95.0,At Risk
268.0,2025-01-31,2024-12-29,33.0,At Risk
270.0,2025-02-09,,,Healthy
270.0,2025-02-28,2025-02-09,19.0,Healthy
270.0,2025-03-02,2025-02-28,2.0,Healthy
270.0,2025-04-11,2025-03-02,40.0,Healthy
270.0,2025-04-19,2025-04-11,8.0,Healthy
270.0,2025-05-02,2025-04-19,13.0,Healthy
270.0,2025-05-19,2025-05-02,17.0,Healthy
271.0,2024-12-09,,,At Risk
271.0,2025-02-21,2024-12-09,74.0,At Risk
272.0,2024-10-22,,,At Risk
272.0,2024-12-12,2024-10-22,51.0,At Risk
272.0,2025-03-31,2024-12-12,109.0,At Risk
273.0,2024-05-21,,,At Risk
273.0,2024-09-09,2024-05-21,111.0,At Risk
273.0,2024-12-24,2024-09-09,106.0,At Risk
273.0,2025-05-27,2024-12-24,154.0,At Risk
274.0,2025-03-10,,,Healthy
274.0,2025-03-26,2025-03-10,16.0,Healthy
276.0,2024-05-09,,,At Risk
276.0,2024-07-19,2024-05-09,71.0,At Risk
276.0,2024-09-13,2024-07-19,56.0,At Risk
276.0,2025-03-04,2024-09-13,172.0,At Risk
277.0,2024-10-18,,,At Risk
277.0,2025-06-21,2024-10-18,246.0,At Risk
278.0,2024-04-29,,,At Risk
278.0,2024-12-10,2024-04-29,225.0,At Risk
279.0,2024-11-20,,,At Risk
279.0,2025-01-14,2024-11-20,55.0,At Risk
279.0,2025-02-03,2025-01-14,20.0,At Risk
279.0,2025-06-14,2025-02-03,131.0,At Risk
281.0,2024-03-27,,,At Risk
281.0,2024-04-06,2024-03-27,10.0,At Risk
281.0,2024-06-22,2024-04-06,77.0,At Risk
281.0,2024-08-16,2024-06-22,55.0,At Risk
281.0,2025-05-25,2024-08-16,282.0,At Risk
282.0,2025-05-20,,,Healthy
282.0,2025-05-26,2025-05-20,6.0,Healthy
282.0,2025-05-31,2025-05-26,5.0,Healthy
282.0,2025-06-01,2025-05-31,1.0,Healthy
283.0,2025-01-01,,,At Risk
283.0,2025-02-24,2025-01-01,54.0,At Risk
285.0,2023-09-10,,,At Risk
285.0,2024-02-13,2023-09-10,156.0,At Risk
285.0,2024-10-17,2024-02-13,247.0,At Risk
285.0,2024-10-21,2024-10-17,4.0,At Risk
285.0,2025-01-22,2024-10-21,93.0,At Risk
286.0,2025-02-22,,,At Risk
286.0,2025-05-13,2025-02-22,80.0,At Risk
287.0,2023-12-25,,,At Risk
287.0,2025-06-17,2023-12-25,540.0,At Risk
288.0,2025-04-19,,,At Risk
288.0,2025-06-15,2025-04-19,57.0,At Risk
289.0,2025-01-21,,,At Risk
289.0,2025-03-22,2025-01-21,60.0,At Risk
290.0,2024-01-10,,,At Risk
290.0,2024-02-18,2024-01-10,39.0,At Risk
290.0,2024-03-06,2024-02-18,17.0,At Risk
290.0,2025-06-02,2024-03-06,453.0,At Risk
291.0,2024-12-16,,,Healthy
291.0,2024-12-27,2024-12-16,11.0,Healthy
291.0,2025-02-09,2024-12-27,44.0,Healthy
291.0,2025-02-15,2025-02-09,6.0,Healthy
292.0,2023-11-01,,,At Risk
292.0,2023-11-19,2023-11-01,18.0,At Risk
292.0,2024-01-28,2023-11-19,70.0,At Risk
292.0,2024-06-23,2024-01-28,147.0,At Risk
292.0,2024-10-07,2024-06-23,106.0,At Risk
292.0,2025-03-04,2024-10-07,148.0,At Risk
293.0,2025-03-29,,,At Risk
293.0,2025-05-20,2025-03-29,52.0,At Risk
293.0,2025-06-09,2025-05-20,20.0,At Risk
294.0,2024-09-27,,,At Risk
294.0,2024-10-04,2024-09-27,7.0,At Risk
294.0,2024-11-17,2024-10-04,44.0,At Risk
294.0,2025-02-20,2024-11-17,95.0,At Risk
295.0,2024-07-10,,,At Risk
295.0,2024-07-17,2024-07-10,7.0,At Risk
295.0,2024-10-26,2024-07-17,101.0,At Risk
295.0,2025-02-09,2024-10-26,106.0,At Risk
296.0,2025-01-22,,,At Risk
296.0,2025-06-07,2025-01-22,136.0,At Risk
297.0,2024-08-15,,,At Risk
297.0,2024-09-11,2024-08-15,27.0,At Risk
297.0,2024-10-05,2024-09-11,24.0,At Risk
297.0,2025-04-24,2024-10-05,201.0,At Risk
297.0,2025-06-14,2025-04-24,51.0,At Risk
298.0,2024-08-30,,,At Risk
298.0,2024-11-14,2024-08-30,76.0,At Risk
298.0,2025-04-26,2024-11-14,163.0,At Risk
299.0,2024-04-24,,,At Risk
299.0,2024-09-25,2024-04-24,154.0,At Risk
299.0,2025-01-07,2024-09-25,104.0,At Risk
299.0,2025-01-23,2025-01-07,16.0,At Risk
299.0,2025-02-15,2025-01-23,23.0,At Risk
300.0,2024-10-24,,,At Risk
300.0,2025-06-02,2024-10-24,221.0,At Risk
301.0,2025-04-12,,,Healthy
301.0,2025-04-19,2025-04-12,7.0,Healthy
301.0,2025-05-01,2025-04-19,12.0,Healthy
301.0,2025-05-10,2025-05-01,9.0,Healthy
301.0,2025-05-12,2025-05-10,2.0,Healthy
301.0,2025-06-08,2025-05-12,27.0,Healthy
301.0,2025-06-15,2025-06-08,7.0,Healthy
302.0,2023-11-05,,,At Risk
302.0,2024-01-30,2023-11-05,86.0,At Risk
302.0,2024-10-18,2024-01-30,262.0,At Risk
302.0,2024-11-16,2024-10-18,29.0,At Risk
303.0,2024-09-09,,,At Risk
303.0,2024-10-31,2024-09-09,52.0,At Risk
303.0,2024-12-23,2024-10-31,53.0,At Risk
303.0,2025-04-02,2024-12-23,100.0,At Risk
304.0,2024-04-24,,,At Risk
304.0,2025-02-15,2024-04-24,297.0,At Risk
305.0,2024-09-09,,,At Risk
305.0,2024-11-08,2024-09-09,60.0,At Risk
306.0,2023-10-22,,,At Risk
306.0,2025-06-02,2023-10-22,589.0,At Risk
307.0,2025-05-02,,,Healthy
307.0,2025-05-12,2025-05-02,10.0,Healthy
307.0,2025-06-25,2025-05-12,44.0,Healthy
308.0,2024-08-01,,,At Risk
308.0,2024-08-16,2024-08-01,15.0,At Risk
308.0,2024-08-18,2024-08-16,2.0,At Risk
308.0,2024-09-25,2024-08-18,38.0,At Risk
308.0,2024-11-15,2024-09-25,51.0,At Risk
308.0,2025-01-16,2024-11-15,62.0,At Risk
309.0,2025-03-31,,,Healthy
309.0,2025-03-31,2025-03-31,0.0,Healthy
309.0,2025-05-06,2025-03-31,36.0,Healthy
309.0,2025-05-21,2025-05-06,15.0,Healthy
309.0,2025-06-18,2025-05-21,28.0,Healthy
311.0,2025-06-12,,,Healthy
311.0,2025-06-13,2025-06-12,1.0,Healthy
311.0,2025-06-15,2025-06-13,2.0,Healthy
311.0,2025-06-28,2025-06-15,13.0,Healthy
312.0,2024-11-22,,,At Risk
312.0,2024-11-26,2024-11-22,4.0,At Risk
312.0,2024-12-01,2024-11-26,5.0,At Risk
312.0,2025-01-16,2024-12-01,46.0,At Risk
312.0,2025-01-27,2025-01-16,11.0,At Risk
312.0,2025-06-29,2025-01-27,153.0,At Risk
313.0,2024-06-28,,,At Risk
313.0,2024-12-03,2024-06-28,158.0,At Risk
313.0,2024-12-31,2024-12-03,28.0,At Risk
314.0,2024-07-28,,,At Risk
314.0,2024-09-27,2024-07-28,61.0,At Risk
314.0,2025-01-03,2024-09-27,98.0,At Risk
314.0,2025-02-17,2025-01-03,45.0,At Risk
314.0,2025-06-20,2025-02-17,123.0,At Risk
316.0,2024-09-01,,,At Risk
316.0,2024-12-04,2024-09-01,94.0,At Risk
317.0,2024-06-07,,,At Risk
317.0,2024-07-13,2024-06-07,36.0,At Risk
317.0,2025-01-30,2024-07-13,201.0,At Risk
318.0,2025-03-01,,,Healthy
318.0,2025-03-11,2025-03-01,10.0,Healthy
318.0,2025-03-14,2025-03-11,3.0,Healthy
318.0,2025-04-07,2025-03-14,24.0,Healthy
318.0,2025-05-28,2025-04-07,51.0,Healthy
319.0,2024-12-29,,,At Risk
319.0,2024-12-31,2024-12-29,2.0,At Risk
319.0,2025-05-16,2024-12-31,136.0,At Risk
319.0,2025-05-30,2025-05-16,14.0,At Risk
320.0,2024-01-31,,,At Risk
320.0,2024-05-07,2024-01-31,97.0,At Risk
320.0,2024-05-31,2024-05-07,24.0,At Risk
320.0,2025-03-10,2024-05-31,283.0,At Risk
321.0,2024-10-26,,,At Risk
321.0,2025-01-09,2024-10-26,75.0,At Risk
321.0,2025-04-17,2025-01-09,98.0,At Risk
321.0,2025-05-22,2025-04-17,35.0,At Risk
321.0,2025-06-10,2025-05-22,19.0,At Risk
322.0,2024-05-28,,,At Risk
322.0,2024-10-21,2024-05-28,146.0,At Risk
322.0,2025-02-10,2024-10-21,112.0,At Risk
322.0,2025-02-23,2025-02-10,13.0,At Risk
323.0,2024-11-25,,,At Risk
323.0,2025-02-20,2024-11-25,87.0,At Risk
323.0,2025-05-16,2025-02-20,85.0,At Risk
323.0,2025-05-17,2025-05-16,1.0,At Risk
325.0,2025-01-01,,,At Risk
325.0,2025-01-21,2025-01-01,20.0,At Risk
325.0,2025-02-20,2025-01-21,30.0,At Risk
325.0,2025-05-16,2025-02-20,85.0,At Risk
327.0,2025-03-01,,,Healthy
327.0,2025-03-21,2025-03-01,20.0,Healthy
327.0,2025-04-02,2025-03-21,12.0,Healthy
327.0,2025-05-18,2025-04-02,46.0,Healthy
328.0,2025-06-21,,,Healthy
328.0,2025-06-27,2025-06-21,6.0,Healthy
328.0,2025-06-28,2025-06-27,1.0,Healthy
329.0,2024-10-12,,,At Risk
329.0,2024-12-02,2024-10-12,51.0,At Risk
329.0,2024-12-23,2024-12-02,21.0,At Risk
329.0,2025-01-12,2024-12-23,20.0,At Risk
329.0,2025-06-13,2025-01-12,152.0,At Risk
330.0,2025-04-02,,,Healthy
330.0,2025-04-28,2025-04-02,26.0,Healthy
330.0,2025-05-01,2025-04-28,3.0,Healthy
330.0,2025-05-23,2025-05-01,22.0,Healthy
330.0,2025-05-28,2025-05-23,5.0,Healthy
330.0,2025-06-19,2025-05-28,22.0,Healthy
330.0,2025-06-20,2025-06-19,1.0,Healthy
331.0,2024-05-29,,,At Risk
331.0,2024-08-17,2024-05-29,80.0,At Risk
331.0,2024-09-05,2024-08-17,19.0,At Risk
331.0,2024-12-09,2024-09-05,95.0,At Risk
331.0,2024-12-26,2024-12-09,17.0,At Risk
331.0,2025-03-16,2024-12-26,80.0,At Risk
331.0,2025-04-03,2025-03-16,18.0,At Risk
331.0,2025-04-20,2025-04-03,17.0,At Risk
331.0,2025-04-23,2025-04-20,3.0,At Risk
332.0,2025-06-26,,,Healthy
332.0,2025-06-28,2025-06-26,2.0,Healthy
332.0,2025-06-28,2025-06-28,0.0,Healthy
332.0,2025-06-29,2025-06-28,1.0,Healthy
333.0,2025-06-25,,,Healthy
333.0,2025-06-26,2025-06-25,1.0,Healthy
333.0,2025-06-26,2025-06-26,0.0,Healthy
333.0,2025-06-27,2025-06-26,1.0,Healthy
333.0,2025-06-27,2025-06-27,0.0,Healthy
334.0,2024-06-12,,,At Risk
334.0,2024-08-22,2024-06-12,71.0,At Risk
334.0,2025-06-11,2024-08-22,293.0,At Risk
335.0,2025-03-29,,,At Risk
335.0,2025-05-08,2025-03-29,40.0,At Risk
335.0,2025-06-24,2025-05-08,47.0,At Risk
335.0,2025-06-29,2025-06-24,5.0,At Risk
336.0,2025-06-15,,,Healthy
336.0,2025-06-17,2025-06-15,2.0,Healthy
337.0,2025-01-15,,,At Risk
337.0,2025-02-05,2025-01-15,21.0,At Risk
337.0,2025-04-18,2025-02-05,72.0,At Risk
338.0,2024-12-28,,,At Risk
338.0,2025-03-15,2024-12-28,77.0,At Risk
338.0,2025-05-28,2025-03-15,74.0,At Risk
339.0,2025-06-12,,,Healthy
339.0,2025-06-23,2025-06-12,11.0,Healthy
340.0,2024-05-02,,,At Risk
340.0,2025-04-19,2024-05-02,352.0,At Risk
340.0,2025-06-17,2025-04-19,59.0,At Risk
341.0,2024-10-28,,,At Risk
341.0,2025-02-21,2024-10-28,116.0,At Risk
341.0,2025-03-18,2025-02-21,25.0,At Risk
341.0,2025-04-29,2025-03-18,42.0,At Risk
341.0,2025-05-07,2025-04-29,8.0,At Risk
341.0,2025-06-22,2025-05-07,46.0,At Risk
342.0,2023-11-18,,,At Risk
342.0,2024-01-07,2023-11-18,50.0,At Risk
342.0,2024-10-04,2024-01-07,271.0,At Risk
342.0,2024-11-13,2024-10-04,40.0,At Risk
343.0,2023-09-07,,,At Risk
343.0,2025-04-18,2023-09-07,589.0,At Risk
344.0,2024-04-16,,,At Risk
344.0,2025-02-19,2024-04-16,309.0,At Risk
345.0,2024-08-18,,,At Risk
345.0,2024-11-11,2024-08-18,85.0,At Risk
346.0,2024-03-10,,,At Risk
346.0,2024-05-04,2024-03-10,55.0,At Risk
346.0,2024-06-27,2024-05-04,54.0,At Risk
346.0,2024-09-09,2024-06-27,74.0,At Risk
346.0,2024-09-18,2024-09-09,9.0,At Risk
346.0,2025-03-25,2024-09-18,188.0,At Risk
346.0,2025-06-15,2025-03-25,82.0,At Risk
348.0,2024-07-24,,,At Risk
348.0,2024-08-24,2024-07-24,31.0,At Risk
348.0,2025-02-28,2024-08-24,188.0,At Risk
348.0,2025-06-13,2025-02-28,105.0,At Risk
349.0,2024-08-22,,,At Risk
349.0,2025-06-03,2024-08-22,285.0,At Risk
350.0,2025-02-12,,,At Risk
350.0,2025-04-21,2025-02-12,68.0,At Risk
351.0,2024-11-19,,,At Risk
351.0,2025-02-17,2024-11-19,90.0,At Risk
351.0,2025-05-15,2025-02-17,87.0,At Risk
352.0,2025-06-06,,,Healthy
352.0,2025-06-15,2025-06-06,9.0,Healthy
352.0,2025-06-18,2025-06-15,3.0,Healthy
352.0,2025-06-18,2025-06-18,0.0,Healthy
352.0,2025-06-19,2025-06-18,1.0,Healthy
352.0,2025-06-25,2025-06-19,6.0,Healthy
352.0,2025-06-29,2025-06-25,4.0,Healthy
353.0,2024-12-30,,,Healthy
353.0,2024-12-31,2024-12-30,1.0,Healthy
353.0,2025-02-07,2024-12-31,38.0,Healthy
353.0,2025-02-22,2025-02-07,15.0,Healthy
354.0,2024-05-30,,,At Risk
354.0,2024-11-23,2024-05-30,177.0,At Risk
354.0,2025-02-23,2024-11-23,92.0,At Risk
354.0,2025-05-08,2025-02-23,74.0,At Risk
355.0,2025-02-17,,,Healthy
355.0,2025-03-06,2025-02-17,17.0,Healthy
356.0,2024-11-16,,,At Risk
356.0,2025-02-26,2024-11-16,102.0,At Risk
356.0,2025-03-06,2025-02-26,8.0,At Risk
357.0,2025-04-10,,,At Risk
357.0,2025-05-28,2025-04-10,48.0,At Risk
358.0,2024-11-24,,,At Risk
358.0,2025-04-04,2024-11-24,131.0,At Risk
358.0,2025-06-07,2025-04-04,64.0,At Risk
359.0,2025-05-05,,,Healthy
359.0,2025-05-16,2025-05-05,11.0,Healthy
359.0,2025-05-31,2025-05-16,15.0,Healthy
360.0,2023-07-31,,,At Risk
360.0,2024-11-22,2023-07-31,480.0,At Risk
360.0,2024-12-21,2024-11-22,29.0,At Risk
360.0,2025-02-10,2024-12-21,51.0,At Risk
361.0,2025-04-04,,,Healthy
361.0,2025-04-09,2025-04-04,5.0,Healthy
361.0,2025-05-15,2025-04-09,36.0,Healthy
361.0,2025-06-25,2025-05-15,41.0,Healthy
362.0,2025-04-17,,,At Risk
362.0,2025-05-29,2025-04-17,42.0,At Risk
363.0,2024-02-26,,,At Risk
363.0,2024-05-19,2024-02-26,83.0,At Risk
363.0,2024-06-12,2024-05-19,24.0,At Risk
363.0,2024-10-18,2024-06-12,128.0,At Risk
364.0,2025-01-01,,,Healthy
364.0,2025-01-11,2025-01-01,10.0,Healthy
364.0,2025-02-14,2025-01-11,34.0,Healthy
364.0,2025-03-09,2025-02-14,23.0,Healthy
366.0,2025-05-21,,,Healthy
366.0,2025-05-23,2025-05-21,2.0,Healthy
366.0,2025-06-25,2025-05-23,33.0,Healthy
367.0,2025-02-15,,,Healthy
367.0,2025-03-10,2025-02-15,23.0,Healthy
367.0,2025-03-11,2025-03-10,1.0,Healthy
367.0,2025-04-18,2025-03-11,38.0,Healthy
367.0,2025-05-03,2025-04-18,15.0,Healthy
367.0,2025-06-18,2025-05-03,46.0,Healthy
367.0,2025-06-27,2025-06-18,9.0,Healthy
368.0,2025-03-23,,,At Risk
368.0,2025-04-17,2025-03-23,25.0,At Risk
368.0,2025-05-19,2025-04-17,32.0,At Risk
368.0,2025-06-22,2025-05-19,34.0,At Risk
369.0,2024-05-23,,,At Risk
369.0,2024-07-31,2024-05-23,69.0,At Risk
369.0,2024-12-14,2024-07-31,136.0,At Risk
369.0,2025-04-01,2024-12-14,108.0,At Risk
369.0,2025-04-19,2025-04-01,18.0,At Risk
370.0,2023-09-13,,,At Risk
370.0,2024-07-15,2023-09-13,306.0,At Risk
371.0,2024-09-02,,,At Risk
371.0,2024-09-06,2024-09-02,4.0,At Risk
371.0,2025-06-05,2024-09-06,272.0,At Risk
371.0,2025-06-11,2025-06-05,6.0,At Risk
372.0,2025-04-22,,,Healthy
372.0,2025-05-07,2025-04-22,15.0,Healthy
373.0,2025-06-05,,,Healthy
373.0,2025-06-14,2025-06-05,9.0,Healthy
373.0,2025-06-16,2025-06-14,2.0,Healthy
373.0,2025-06-20,2025-06-16,4.0,Healthy
374.0,2025-01-14,,,At Risk
374.0,2025-01-21,2025-01-14,7.0,At Risk
374.0,2025-01-22,2025-01-21,1.0,At Risk
374.0,2025-03-30,2025-01-22,67.0,At Risk
374.0,2025-06-23,2025-03-30,85.0,At Risk
375.0,2024-07-28,,,At Risk
375.0,2025-04-25,2024-07-28,271.0,At Risk
376.0,2025-06-26,,,Healthy
376.0,2025-06-26,2025-06-26,0.0,Healthy
377.0,2025-01-10,,,Healthy
377.0,2025-01-13,2025-01-10,3.0,Healthy
377.0,2025-01-27,2025-01-13,14.0,Healthy
377.0,2025-03-04,2025-01-27,36.0,Healthy
378.0,2025-02-22,,,At Risk
378.0,2025-06-17,2025-02-22,115.0,At Risk
379.0,2024-08-16,,,At Risk
379.0,2025-06-05,2024-08-16,293.0,At Risk
380.0,2024-11-20,,,At Risk
380.0,2024-12-25,2024-11-20,35.0,At Risk
380.0,2025-01-17,2024-12-25,23.0,At Risk
380.0,2025-03-05,2025-01-17,47.0,At Risk
380.0,2025-04-23,2025-03-05,49.0,At Risk
380.0,2025-05-03,2025-04-23,10.0,At Risk
382.0,2023-12-14,,,At Risk
382.0,2024-08-14,2023-12-14,244.0,At Risk
382.0,2025-01-18,2024-08-14,157.0,At Risk
382.0,2025-02-07,2025-01-18,20.0,At Risk
382.0,2025-04-07,2025-02-07,59.0,At Risk
383.0,2025-01-30,,,At Risk
383.0,2025-02-20,2025-01-30,21.0,At Risk
383.0,2025-04-24,2025-02-20,63.0,At Risk
383.0,2025-06-20,2025-04-24,57.0,At Risk
383.0,2025-06-23,2025-06-20,3.0,At Risk
384.0,2025-05-11,,,Healthy
384.0,2025-05-29,2025-05-11,18.0,Healthy
384.0,2025-06-09,2025-05-29,11.0,Healthy
384.0,2025-06-27,2025-06-09,18.0,Healthy
385.0,2024-10-29,,,At Risk
385.0,2024-12-30,2024-10-29,62.0,At Risk
385.0,2025-03-24,2024-12-30,84.0,At Risk
385.0,2025-05-12,2025-03-24,49.0,At Risk
386.0,2024-03-06,,,At Risk
386.0,2024-03-16,2024-03-06,10.0,At Risk
386.0,2024-07-10,2024-03-16,116.0,At Risk
386.0,2024-12-29,2024-07-10,172.0,At Risk
386.0,2025-03-23,2024-12-29,84.0,At Risk
387.0,2024-04-29,,,At Risk
387.0,2024-12-27,2024-04-29,242.0,At Risk
387.0,2025-04-14,2024-12-27,108.0,At Risk
389.0,2024-11-03,,,At Risk
389.0,2025-03-04,2024-11-03,121.0,At Risk
389.0,2025-04-12,2025-03-04,39.0,At Risk
391.0,2024-11-13,,,At Risk
391.0,2024-12-07,2024-11-13,24.0,At Risk
391.0,2025-01-21,2024-12-07,45.0,At Risk
392.0,2023-11-10,,,At Risk
392.0,2024-04-29,2023-11-10,171.0,At Risk
392.0,2024-08-09,2024-04-29,102.0,At Risk
392.0,2025-01-10,2024-08-09,154.0,At Risk
392.0,2025-02-17,2025-01-10,38.0,At Risk
393.0,2025-05-12,,,Healthy
393.0,2025-05-30,2025-05-12,18.0,Healthy
393.0,2025-05-30,2025-05-30,0.0,Healthy
393.0,2025-06-21,2025-05-30,22.0,Healthy
394.0,2025-06-11,,,Healthy
394.0,2025-06-11,2025-06-11,0.0,Healthy
394.0,2025-06-16,2025-06-11,5.0,Healthy
394.0,2025-06-17,2025-06-16,1.0,Healthy
394.0,2025-06-18,2025-06-17,1.0,Healthy
394.0,2025-06-24,2025-06-18,6.0,Healthy
394.0,2025-06-26,2025-06-24,2.0,Healthy
394.0,2025-06-29,2025-06-26,3.0,Healthy
395.0,2024-02-13,,,At Risk
395.0,2024-04-09,2024-02-13,56.0,At Risk
396.0,2025-03-30,,,At Risk
396.0,2025-06-07,2025-03-30,69.0,At Risk
397.0,2024-10-01,,,At Risk
397.0,2025-02-24,2024-10-01,146.0,At Risk
397.0,2025-03-28,2025-02-24,32.0,At Risk
398.0,2024-09-20,,,Healthy
398.0,2024-10-01,2024-09-20,11.0,Healthy
398.0,2024-11-14,2024-10-01,44.0,Healthy
399.0,2025-06-22,,,Healthy
399.0,2025-06-23,2025-06-22,1.0,Healthy
399.0,2025-06-24,2025-06-23,1.0,Healthy
399.0,2025-06-28,2025-06-24,4.0,Healthy
399.0,2025-06-28,2025-06-28,0.0,Healthy
400.0,2024-11-12,,,At Risk
400.0,2025-03-08,2024-11-12,116.0,At Risk
400.0,2025-04-30,2025-03-08,53.0,At Risk
401.0,2024-10-13,,,At Risk
401.0,2024-11-05,2024-10-13,23.0,At Risk
401.0,2025-03-06,2024-11-05,121.0,At Risk
401.0,2025-05-24,2025-03-06,79.0,At Risk
402.0,2025-02-10,,,Healthy
402.0,2025-02-14,2025-02-10,4.0,Healthy
402.0,2025-03-30,2025-02-14,44.0,Healthy
402.0,2025-03-31,2025-03-30,1.0,Healthy
403.0,2025-03-14,,,At Risk
403.0,2025-05-07,2025-03-14,54.0,At Risk
403.0,2025-06-28,2025-05-07,52.0,At Risk
404.0,2025-01-29,,,At Risk
404.0,2025-02-13,2025-01-29,15.0,At Risk
404.0,2025-02-21,2025-02-13,8.0,At Risk
404.0,2025-05-30,2025-02-21,98.0,At Risk
404.0,2025-06-03,2025-05-30,4.0,At Risk
405.0,2025-04-14,,,Healthy
405.0,2025-04-20,2025-04-14,6.0,Healthy
405.0,2025-04-27,2025-04-20,7.0,Healthy
405.0,2025-05-10,2025-04-27,13.0,Healthy
406.0,2023-09-28,,,At Risk
406.0,2024-06-07,2023-09-28,253.0,At Risk
406.0,2025-04-16,2024-06-07,313.0,At Risk
408.0,2023-11-07,,,At Risk
408.0,2024-09-27,2023-11-07,325.0,At Risk
408.0,2024-10-01,2024-09-27,4.0,At Risk
408.0,2024-10-06,2024-10-01,5.0,At Risk
409.0,2023-11-02,,,At Risk
409.0,2024-12-23,2023-11-02,417.0,At Risk
409.0,2025-06-19,2024-12-23,178.0,At Risk
410.0,2024-07-05,,,At Risk
410.0,2025-05-28,2024-07-05,327.0,At Risk
411.0,2024-12-17,,,At Risk
411.0,2025-04-01,2024-12-17,105.0,At Risk
411.0,2025-04-28,2025-04-01,27.0,At Risk
412.0,2023-09-13,,,Healthy
412.0,2023-09-23,2023-09-13,10.0,Healthy
412.0,2023-10-14,2023-09-23,21.0,Healthy
412.0,2023-10-16,2023-10-14,2.0,Healthy
413.0,2023-09-05,,,At Risk
413.0,2023-11-13,2023-09-05,69.0,At Risk
413.0,2024-12-18,2023-11-13,401.0,At Risk
414.0,2025-02-07,,,At Risk
414.0,2025-02-17,2025-02-07,10.0,At Risk
414.0,2025-03-06,2025-02-17,17.0,At Risk
414.0,2025-05-16,2025-03-06,71.0,At Risk
415.0,2024-05-26,,,At Risk
415.0,2025-05-28,2024-05-26,367.0,At Risk
415.0,2025-05-30,2025-05-28,2.0,At Risk
418.0,2025-06-19,,,Healthy
418.0,2025-06-22,2025-06-19,3.0,Healthy
418.0,2025-06-28,2025-06-22,6.0,Healthy
420.0,2024-07-26,,,At Risk
420.0,2024-08-21,2024-07-26,26.0,At Risk
420.0,2024-10-06,2024-08-21,46.0,At Risk
421.0,2025-05-08,,,Healthy
421.0,2025-05-24,2025-05-08,16.0,Healthy
421.0,2025-05-29,2025-05-24,5.0,Healthy
421.0,2025-05-30,2025-05-29,1.0,Healthy
421.0,2025-06-26,2025-05-30,27.0,Healthy
421.0,2025-06-28,2025-06-26,2.0,Healthy
422.0,2023-10-10,,,At Risk
422.0,2024-02-23,2023-10-10,136.0,At Risk
422.0,2024-04-11,2024-02-23,48.0,At Risk
422.0,2024-10-13,2024-04-11,185.0,At Risk
422.0,2025-03-04,2024-10-13,142.0,At Risk
422.0,2025-06-06,2025-03-04,94.0,At Risk
423.0,2024-09-08,,,At Risk
423.0,2024-09-10,2024-09-08,2.0,At Risk
423.0,2024-09-16,2024-09-10,6.0,At Risk
423.0,2025-01-08,2024-09-16,114.0,At Risk
424.0,2024-09-27,,,At Risk
424.0,2024-11-04,2024-09-27,38.0,At Risk
424.0,2025-03-22,2024-11-04,138.0,At Risk
424.0,2025-04-09,2025-03-22,18.0,At Risk
424.0,2025-04-28,2025-04-09,19.0,At Risk
425.0,2024-10-01,,,At Risk
425.0,2024-11-06,2024-10-01,36.0,At Risk
425.0,2025-01-31,2024-11-06,86.0,At Risk
425.0,2025-02-20,2025-01-31,20.0,At Risk
425.0,2025-05-22,2025-02-20,91.0,At Risk
426.0,2023-09-12,,,At Risk
426.0,2025-03-11,2023-09-12,546.0,At Risk
426.0,2025-05-27,2025-03-11,77.0,At Risk
426.0,2025-06-26,2025-05-27,30.0,At Risk
427.0,2025-02-16,,,At Risk
427.0,2025-05-22,2025-02-16,95.0,At Risk
428.0,2024-05-17,,,At Risk
428.0,2024-11-30,2024-05-17,197.0,At Risk
428.0,2025-04-22,2024-11-30,143.0,At Risk
428.0,2025-06-11,2025-04-22,50.0,At Risk
428.0,2025-06-18,2025-06-11,7.0,At Risk
430.0,2025-01-30,,,Healthy
430.0,2025-02-28,2025-01-30,29.0,Healthy
431.0,2024-11-22,,,At Risk
431.0,2025-02-27,2024-11-22,97.0,At Risk
432.0,2025-02-17,,,At Risk
432.0,2025-03-11,2025-02-17,22.0,At Risk
432.0,2025-05-03,2025-03-11,53.0,At Risk
433.0,2025-03-12,,,Healthy
433.0,2025-04-02,2025-03-12,21.0,Healthy
433.0,2025-04-14,2025-04-02,12.0,Healthy
433.0,2025-05-04,2025-04-14,20.0,Healthy
433.0,2025-05-15,2025-05-04,11.0,Healthy
433.0,2025-06-12,2025-05-15,28.0,Healthy
433.0,2025-06-26,2025-06-12,14.0,Healthy
434.0,2025-01-13,,,At Risk
434.0,2025-03-25,2025-01-13,71.0,At Risk
434.0,2025-04-01,2025-03-25,7.0,At Risk
434.0,2025-04-18,2025-04-01,17.0,At Risk
434.0,2025-06-24,2025-04-18,67.0,At Risk
435.0,2024-10-23,,,At Risk
435.0,2024-10-28,2024-10-23,5.0,At Risk
435.0,2025-04-25,2024-10-28,179.0,At Risk
436.0,2024-09-18,,,At Risk
436.0,2024-10-06,2024-09-18,18.0,At Risk
436.0,2025-01-17,2024-10-06,103.0,At Risk
436.0,2025-05-03,2025-01-17,106.0,At Risk
436.0,2025-05-05,2025-05-03,2.0,At Risk
436.0,2025-06-27,2025-05-05,53.0,At Risk
437.0,2024-07-13,,,At Risk
437.0,2024-09-26,2024-07-13,75.0,At Risk
437.0,2024-10-06,2024-09-26,10.0,At Risk
437.0,2025-01-08,2024-10-06,94.0,At Risk
438.0,2024-06-27,,,At Risk
438.0,2024-09-01,2024-06-27,66.0,At Risk
438.0,2025-06-25,2024-09-01,297.0,At Risk
438.0,2025-06-29,2025-06-25,4.0,At Risk
439.0,2025-06-24,,,Healthy
439.0,2025-06-24,2025-06-24,0.0,Healthy
439.0,2025-06-24,2025-06-24,0.0,Healthy
439.0,2025-06-26,2025-06-24,2.0,Healthy
440.0,2024-06-17,,,Healthy
440.0,2024-06-28,2024-06-17,11.0,Healthy
441.0,2024-11-23,,,At Risk
441.0,2024-12-18,2024-11-23,25.0,At Risk
441.0,2025-01-24,2024-12-18,37.0,At Risk
441.0,2025-01-28,2025-01-24,4.0,At Risk
441.0,2025-02-13,2025-01-28,16.0,At Risk
441.0,2025-06-10,2025-02-13,117.0,At Risk
442.0,2024-03-29,,,At Risk
442.0,2024-03-31,2024-03-29,2.0,At Risk
442.0,2024-09-29,2024-03-31,182.0,At Risk
442.0,2024-12-02,2024-09-29,64.0,At Risk
442.0,2025-01-30,2024-12-02,59.0,At Risk
442.0,2025-04-15,2025-01-30,75.0,At Risk
443.0,2025-01-17,,,Healthy
443.0,2025-02-22,2025-01-17,36.0,Healthy
443.0,2025-03-30,2025-02-22,36.0,Healthy
443.0,2025-04-02,2025-03-30,3.0,Healthy
443.0,2025-05-23,2025-04-02,51.0,Healthy
443.0,2025-06-04,2025-05-23,12.0,Healthy
444.0,2024-07-28,,,At Risk
444.0,2024-08-28,2024-07-28,31.0,At Risk
444.0,2025-01-16,2024-08-28,141.0,At Risk
445.0,2025-02-26,,,Healthy
445.0,2025-03-27,2025-02-26,29.0,Healthy
445.0,2025-04-17,2025-03-27,21.0,Healthy
445.0,2025-04-28,2025-04-17,11.0,Healthy
445.0,2025-05-29,2025-04-28,31.0,Healthy
445.0,2025-06-03,2025-05-29,5.0,Healthy
445.0,2025-06-17,2025-06-03,14.0,Healthy
445.0,2025-06-27,2025-06-17,10.0,Healthy
446.0,2025-03-11,,,At Risk
446.0,2025-04-16,2025-03-11,36.0,At Risk
447.0,2025-04-07,,,Healthy
447.0,2025-04-24,2025-04-07,17.0,Healthy
447.0,2025-05-19,2025-04-24,25.0,Healthy
447.0,2025-06-18,2025-05-19,30.0,Healthy
448.0,2024-07-02,,,At Risk
448.0,2024-07-30,2024-07-02,28.0,At Risk
448.0,2024-09-30,2024-07-30,62.0,At Risk
449.0,2024-02-25,,,At Risk
449.0,2024-05-20,2024-02-25,85.0,At Risk
449.0,2024-07-15,2024-05-20,56.0,At Risk
449.0,2024-09-26,2024-07-15,73.0,At Risk
449.0,2025-03-11,2024-09-26,166.0,At Risk
450.0,2023-10-09,,,At Risk
450.0,2024-09-27,2023-10-09,354.0,At Risk
450.0,2025-05-05,2024-09-27,220.0,At Risk
451.0,2023-09-25,,,At Risk
451.0,2023-10-30,2023-09-25,35.0,At Risk
451.0,2023-12-14,2023-10-30,45.0,At Risk
451.0,2023-12-19,2023-12-14,5.0,At Risk
451.0,2024-04-18,2023-12-19,121.0,At Risk
451.0,2024-07-24,2024-04-18,97.0,At Risk
451.0,2025-02-03,2024-07-24,194.0,At Risk
451.0,2025-02-22,2025-02-03,19.0,At Risk
451.0,2025-04-04,2025-02-22,41.0,At Risk
453.0,2024-06-25,,,At Risk
453.0,2024-10-10,2024-06-25,107.0,At Risk
453.0,2024-12-17,2024-10-10,68.0,At Risk
453.0,2025-01-15,2024-12-17,29.0,At Risk
454.0,2024-02-29,,,At Risk
454.0,2024-07-15,2024-02-29,137.0,At Risk
454.0,2024-07-22,2024-07-15,7.0,At Risk
454.0,2024-08-07,2024-07-22,16.0,At Risk
454.0,2024-10-04,2024-08-07,58.0,At Risk
454.0,2025-06-11,2024-10-04,250.0,At Risk
455.0,2024-11-15,,,At Risk
455.0,2025-02-19,2024-11-15,96.0,At Risk
455.0,2025-02-25,2025-02-19,6.0,At Risk
455.0,2025-02-26,2025-02-25,1.0,At Risk
455.0,2025-06-04,2025-02-26,98.0,At Risk
456.0,2023-10-22,,,At Risk
456.0,2023-11-21,2023-10-22,30.0,At Risk
456.0,2024-02-20,2023-11-21,91.0,At Risk
456.0,2024-11-06,2024-02-20,260.0,At Risk
456.0,2025-03-04,2024-11-06,118.0,At Risk
456.0,2025-04-20,2025-03-04,47.0,At Risk
457.0,2025-03-21,,,Healthy
457.0,2025-03-23,2025-03-21,2.0,Healthy
460.0,2024-07-07,,,Healthy
460.0,2024-07-29,2024-07-07,22.0,Healthy
461.0,2024-11-14,,,At Risk
461.0,2025-01-07,2024-11-14,54.0,At Risk
461.0,2025-04-26,2025-01-07,109.0,At Risk
462.0,2025-01-15,,,At Risk
462.0,2025-02-18,2025-01-15,34.0,At Risk
463.0,2025-02-18,,,Healthy
463.0,2025-03-04,2025-02-18,14.0,Healthy
464.0,2025-06-12,,,Healthy
464.0,2025-06-19,2025-06-12,7.0,Healthy
464.0,2025-06-25,2025-06-19,6.0,Healthy
464.0,2025-06-28,2025-06-25,3.0,Healthy
465.0,2023-12-28,,,At Risk
465.0,2024-01-18,2023-12-28,21.0,At Risk
465.0,2024-04-14,2024-01-18,87.0,At Risk
465.0,2024-07-24,2024-04-14,101.0,At Risk
465.0,2024-10-05,2024-07-24,73.0,At Risk
465.0,2025-05-22,2024-10-05,229.0,At Risk
465.0,2025-06-07,2025-05-22,16.0,At Risk
466.0,2024-06-25,,,At Risk
466.0,2024-10-20,2024-06-25,117.0,At Risk
466.0,2024-12-29,2024-10-20,70.0,At Risk
466.0,2025-06-16,2024-12-29,169.0,At Risk
468.0,2024-10-14,,,At Risk
468.0,2024-11-20,2024-10-14,37.0,At Risk
468.0,2025-03-25,2024-11-20,125.0,At Risk
468.0,2025-04-09,2025-03-25,15.0,At Risk
468.0,2025-04-21,2025-04-09,12.0,At Risk
469.0,2023-10-01,,,At Risk
469.0,2024-11-16,2023-10-01,412.0,At Risk
469.0,2025-02-04,2024-11-16,80.0,At Risk
469.0,2025-04-30,2025-02-04,85.0,At Risk
472.0,2025-05-06,,,Healthy
472.0,2025-05-26,2025-05-06,20.0,Healthy
473.0,2024-02-23,,,At Risk
473.0,2025-04-03,2024-02-23,405.0,At Risk
474.0,2025-06-10,,,Healthy
474.0,2025-06-11,2025-06-10,1.0,Healthy
474.0,2025-06-12,2025-06-11,1.0,Healthy
474.0,2025-06-20,2025-06-12,8.0,Healthy
474.0,2025-06-22,2025-06-20,2.0,Healthy
474.0,2025-06-23,2025-06-22,1.0,Healthy
475.0,2025-05-19,,,Healthy
475.0,2025-06-10,2025-05-19,22.0,Healthy
475.0,2025-06-21,2025-06-10,11.0,Healthy
475.0,2025-06-24,2025-06-21,3.0,Healthy
476.0,2024-08-07,,,At Risk
476.0,2024-09-17,2024-08-07,41.0,At Risk
476.0,2025-04-11,2024-09-17,206.0,At Risk
477.0,2025-01-05,,,At Risk
477.0,2025-02-16,2025-01-05,42.0,At Risk
477.0,2025-05-08,2025-02-16,81.0,At Risk
478.0,2025-01-19,,,At Risk
478.0,2025-03-23,2025-01-19,63.0,At Risk
478.0,2025-04-06,2025-03-23,14.0,At Risk
479.0,2024-02-16,,,At Risk
479.0,2024-07-04,2024-02-16,139.0,At Risk
479.0,2025-01-16,2024-07-04,196.0,At Risk
479.0,2025-03-05,2025-01-16,48.0,At Risk
480.0,2024-10-13,,,At Risk
480.0,2024-10-31,2024-10-13,18.0,At Risk
480.0,2025-03-04,2024-10-31,124.0,At Risk
480.0,2025-03-10,2025-03-04,6.0,At Risk
480.0,2025-03-23,2025-03-10,13.0,At Risk
481.0,2024-05-29,,,At Risk
481.0,2024-06-02,2024-05-29,4.0,At Risk
481.0,2024-11-20,2024-06-02,171.0,At Risk
482.0,2024-10-21,,,At Risk
482.0,2024-10-31,2024-10-21,10.0,At Risk
482.0,2024-11-22,2024-10-31,22.0,At Risk
482.0,2025-03-12,2024-11-22,110.0,At Risk
483.0,2023-10-07,,,At Risk
483.0,2024-12-31,2023-10-07,451.0,At Risk
483.0,2025-01-05,2024-12-31,5.0,At Risk
485.0,2023-12-04,,,At Risk
485.0,2024-03-26,2023-12-04,113.0,At Risk
485.0,2024-03-29,2024-03-26,3.0,At Risk
485.0,2024-04-20,2024-03-29,22.0,At Risk
485.0,2024-05-01,2024-04-20,11.0,At Risk
485.0,2025-01-07,2024-05-01,251.0,At Risk
485.0,2025-04-24,2025-01-07,107.0,At Risk
486.0,2024-05-26,,,At Risk
486.0,2024-09-06,2024-05-26,103.0,At Risk
486.0,2024-09-10,2024-09-06,4.0,At Risk
486.0,2025-02-15,2024-09-10,158.0,At Risk
486.0,2025-04-14,2025-02-15,58.0,At Risk
487.0,2024-08-06,,,At Risk
487.0,2024-09-11,2024-08-06,36.0,At Risk
487.0,2025-01-28,2024-09-11,139.0,At Risk
487.0,2025-04-10,2025-01-28,72.0,At Risk
487.0,2025-06-17,2025-04-10,68.0,At Risk
487.0,2025-06-26,2025-06-17,9.0,At Risk
488.0,2024-11-27,,,At Risk
488.0,2025-01-03,2024-11-27,37.0,At Risk
488.0,2025-04-06,2025-01-03,93.0,At Risk
488.0,2025-04-10,2025-04-06,4.0,At Risk
488.0,2025-06-24,2025-04-10,75.0,At Risk
488.0,2025-06-26,2025-06-24,2.0,At Risk
488.0,2025-06-29,2025-06-26,3.0,At Risk
491.0,2025-01-24,,,At Risk
491.0,2025-01-28,2025-01-24,4.0,At Risk
491.0,2025-04-18,2025-01-28,80.0,At Risk
492.0,2024-08-12,,,At Risk
492.0,2024-12-12,2024-08-12,122.0,At Risk
492.0,2025-05-09,2024-12-12,148.0,At Risk
492.0,2025-05-11,2025-05-09,2.0,At Risk
492.0,2025-06-02,2025-05-11,22.0,At Risk
493.0,2024-06-13,,,At Risk
493.0,2024-10-17,2024-06-13,126.0,At Risk
493.0,2025-01-29,2024-10-17,104.0,At Risk
495.0,2025-04-15,,,Healthy
495.0,2025-04-23,2025-04-15,8.0,Healthy
495.0,2025-05-19,2025-04-23,26.0,Healthy
495.0,2025-05-29,2025-05-19,10.0,Healthy
495.0,2025-06-02,2025-05-29,4.0,Healthy
495.0,2025-06-11,2025-06-02,9.0,Healthy
495.0,2025-06-23,2025-06-11,12.0,Healthy
496.0,2024-04-16,,,At Risk
496.0,2024-10-08,2024-04-16,175.0,At Risk
496.0,2025-04-08,2024-10-08,182.0,At Risk
498.0,2025-05-25,,,Healthy
498.0,2025-06-10,2025-05-25,16.0,Healthy
498.0,2025-06-24,2025-06-10,14.0,Healthy
499.0,2024-08-19,,,At Risk
499.0,2024-09-24,2024-08-19,36.0,At Risk
499.0,2025-01-09,2024-09-24,107.0,At Risk
499.0,2025-06-23,2025-01-09,165.0,At Risk
500.0,2025-06-13,,,Healthy
500.0,2025-06-15,2025-06-13,2.0,Healthy
500.0,2025-06-15,2025-06-15,0.0,Healthy
500.0,2025-06-18,2025-06-15,3.0,Healthy
500.0,2025-06-18,2025-06-18,0.0,Healthy
500.0,2025-06-19,2025-06-18,1.0,Healthy
500.0,2025-06-21,2025-06-19,2.0,Healthy
500.0,2025-06-23,2025-06-21,2.0,Healthy
501.0,2025-05-08,,,Healthy
501.0,2025-05-28,2025-05-08,20.0,Healthy
501.0,2025-06-21,2025-05-28,24.0,Healthy
501.0,2025-06-25,2025-06-21,4.0,Healthy
501.0,2025-06-29,2025-06-25,4.0,Healthy
502.0,2023-10-18,,,At Risk
502.0,2024-03-16,2023-10-18,150.0,At Risk
502.0,2024-05-10,2024-03-16,55.0,At Risk
502.0,2024-07-27,2024-05-10,78.0,At Risk
502.0,2024-11-09,2024-07-27,105.0,At Risk
502.0,2025-01-20,2024-11-09,72.0,At Risk
502.0,2025-04-05,2025-01-20,75.0,At Risk
503.0,2023-12-27,,,At Risk
503.0,2024-04-23,2023-12-27,118.0,At Risk
503.0,2024-05-04,2024-04-23,11.0,At Risk
504.0,2024-07-24,,,At Risk
504.0,2024-09-26,2024-07-24,64.0,At Risk
504.0,2024-09-27,2024-09-26,1.0,At Risk
504.0,2024-10-29,2024-09-27,32.0,At Risk
504.0,2025-04-30,2024-10-29,183.0,At Risk
504.0,2025-06-10,2025-04-30,41.0,At Risk
505.0,2024-06-11,,,At Risk
505.0,2024-12-26,2024-06-11,198.0,At Risk
505.0,2025-01-04,2024-12-26,9.0,At Risk
505.0,2025-05-11,2025-01-04,127.0,At Risk
506.0,2025-03-21,,,At Risk
506.0,2025-05-02,2025-03-21,42.0,At Risk
506.0,2025-06-21,2025-05-02,50.0,At Risk
507.0,2025-02-06,,,At Risk
507.0,2025-02-10,2025-02-06,4.0,At Risk
507.0,2025-05-05,2025-02-10,84.0,At Risk
508.0,2024-06-19,,,At Risk
508.0,2025-04-13,2024-06-19,298.0,At Risk
508.0,2025-05-06,2025-04-13,23.0,At Risk
508.0,2025-05-18,2025-05-06,12.0,At Risk
509.0,2024-10-24,,,At Risk
509.0,2025-02-04,2024-10-24,103.0,At Risk
510.0,2025-06-21,,,Healthy
510.0,2025-06-24,2025-06-21,3.0,Healthy
511.0,2024-07-26,,,At Risk
511.0,2025-01-08,2024-07-26,166.0,At Risk
511.0,2025-01-26,2025-01-08,18.0,At Risk
513.0,2025-01-08,,,At Risk
513.0,2025-06-19,2025-01-08,162.0,At Risk
514.0,2024-12-02,,,At Risk
514.0,2024-12-18,2024-12-02,16.0,At Risk
514.0,2025-03-19,2024-12-18,91.0,At Risk
514.0,2025-03-30,2025-03-19,11.0,At Risk
514.0,2025-04-03,2025-03-30,4.0,At Risk
515.0,2024-06-23,,,At Risk
515.0,2024-08-06,2024-06-23,44.0,At Risk
515.0,2024-10-27,2024-08-06,82.0,At Risk
516.0,2024-11-09,,,At Risk
516.0,2025-02-17,2024-11-09,100.0,At Risk
516.0,2025-04-25,2025-02-17,67.0,At Risk
517.0,2024-12-31,,,Healthy
517.0,2025-01-14,2024-12-31,14.0,Healthy
517.0,2025-01-29,2025-01-14,15.0,Healthy
517.0,2025-05-06,2025-01-29,97.0,Healthy
517.0,2025-05-22,2025-05-06,16.0,Healthy
517.0,2025-05-29,2025-05-22,7.0,Healthy
517.0,2025-06-14,2025-05-29,16.0,Healthy
518.0,2023-10-10,,,At Risk
518.0,2024-12-31,2023-10-10,448.0,At Risk
519.0,2024-04-11,,,At Risk
519.0,2024-04-28,2024-04-11,17.0,At Risk
519.0,2025-05-09,2024-04-28,376.0,At Risk
520.0,2024-08-06,,,At Risk
520.0,2024-08-27,2024-08-06,21.0,At Risk
520.0,2024-11-26,2024-08-27,91.0,At Risk
521.0,2024-02-10,,,At Risk
521.0,2024-08-04,2024-02-10,176.0,At Risk
521.0,2024-09-19,2024-08-04,46.0,At Risk
521.0,2024-09-29,2024-09-19,10.0,At Risk
521.0,2024-11-03,2024-09-29,35.0,At Risk
521.0,2025-05-27,2024-11-03,205.0,At Risk
522.0,2024-01-17,,,At Risk
522.0,2024-03-21,2024-01-17,64.0,At Risk
522.0,2024-11-09,2024-03-21,233.0,At Risk
523.0,2025-03-14,,,Healthy
523.0,2025-04-07,2025-03-14,24.0,Healthy
523.0,2025-04-23,2025-04-07,16.0,Healthy
523.0,2025-04-29,2025-04-23,6.0,Healthy
524.0,2024-10-23,,,At Risk
524.0,2024-11-29,2024-10-23,37.0,At Risk
524.0,2025-02-14,2024-11-29,77.0,At Risk
524.0,2025-02-18,2025-02-14,4.0,At Risk
524.0,2025-03-18,2025-02-18,28.0,At Risk
525.0,2025-03-15,,,At Risk
525.0,2025-06-17,2025-03-15,94.0,At Risk
526.0,2024-09-15,,,At Risk
526.0,2024-11-11,2024-09-15,57.0,At Risk
526.0,2025-03-03,2024-11-11,112.0,At Risk
527.0,2025-02-15,,,At Risk
527.0,2025-03-20,2025-02-15,33.0,At Risk
528.0,2025-02-11,,,At Risk
528.0,2025-06-06,2025-02-11,115.0,At Risk
528.0,2025-06-06,2025-06-06,0.0,At Risk
529.0,2024-11-24,,,At Risk
529.0,2025-01-18,2024-11-24,55.0,At Risk
529.0,2025-03-27,2025-01-18,68.0,At Risk
529.0,2025-06-21,2025-03-27,86.0,At Risk
530.0,2024-10-14,,,At Risk
530.0,2024-10-28,2024-10-14,14.0,At Risk
530.0,2024-12-19,2024-10-28,52.0,At Risk
530.0,2025-02-21,2024-12-19,64.0,At Risk
530.0,2025-03-03,2025-02-21,10.0,At Risk
530.0,2025-04-12,2025-03-03,40.0,At Risk
530.0,2025-04-26,2025-04-12,14.0,At Risk
532.0,2025-06-21,,,Healthy
532.0,2025-06-25,2025-06-21,4.0,Healthy
532.0,2025-06-26,2025-06-25,1.0,Healthy
532.0,2025-06-27,2025-06-26,1.0,Healthy
532.0,2025-06-28,2025-06-27,1.0,Healthy
532.0,2025-06-29,2025-06-28,1.0,Healthy
534.0,2024-11-14,,,At Risk
534.0,2025-02-07,2024-11-14,85.0,At Risk
535.0,2024-04-03,,,At Risk
535.0,2024-11-27,2024-04-03,238.0,At Risk
536.0,2024-06-26,,,At Risk
536.0,2025-01-11,2024-06-26,199.0,At Risk
536.0,2025-01-19,2025-01-11,8.0,At Risk
537.0,2025-03-03,,,At Risk
537.0,2025-03-31,2025-03-03,28.0,At Risk
537.0,2025-06-02,2025-03-31,63.0,At Risk
537.0,2025-06-02,2025-06-02,0.0,At Risk
538.0,2023-09-14,,,At Risk
538.0,2024-01-22,2023-09-14,130.0,At Risk
538.0,2024-05-09,2024-01-22,108.0,At Risk
538.0,2024-07-19,2024-05-09,71.0,At Risk
538.0,2024-10-03,2024-07-19,76.0,At Risk
539.0,2024-11-08,,,At Risk
539.0,2024-11-12,2024-11-08,4.0,At Risk
539.0,2024-12-09,2024-11-12,27.0,At Risk
539.0,2025-04-03,2024-12-09,115.0,At Risk
541.0,2025-04-19,,,At Risk
541.0,2025-06-16,2025-04-19,58.0,At Risk
541.0,2025-06-29,2025-06-16,13.0,At Risk
543.0,2025-06-09,,,Healthy
543.0,2025-06-16,2025-06-09,7.0,Healthy
543.0,2025-06-26,2025-06-16,10.0,Healthy
544.0,2025-05-03,,,Healthy
544.0,2025-05-06,2025-05-03,3.0,Healthy
544.0,2025-05-07,2025-05-06,1.0,Healthy
544.0,2025-05-30,2025-05-07,23.0,Healthy
544.0,2025-06-03,2025-05-30,4.0,Healthy
545.0,2023-09-28,,,At Risk
545.0,2024-01-21,2023-09-28,115.0,At Risk
545.0,2024-09-12,2024-01-21,235.0,At Risk
546.0,2024-06-30,,,At Risk
546.0,2024-09-09,2024-06-30,71.0,At Risk
546.0,2024-09-23,2024-09-09,14.0,At Risk
546.0,2024-11-08,2024-09-23,46.0,At Risk
546.0,2025-01-24,2024-11-08,77.0,At Risk
546.0,2025-02-25,2025-01-24,32.0,At Risk
546.0,2025-05-01,2025-02-25,65.0,At Risk
547.0,2023-08-16,,,At Risk
547.0,2023-12-24,2023-08-16,130.0,At Risk
547.0,2024-02-17,2023-12-24,55.0,At Risk
547.0,2024-07-19,2024-02-17,153.0,At Risk
547.0,2024-09-29,2024-07-19,72.0,At Risk
547.0,2024-11-06,2024-09-29,38.0,At Risk
547.0,2025-04-07,2024-11-06,152.0,At Risk
548.0,2024-12-10,,,At Risk
548.0,2025-01-06,2024-12-10,27.0,At Risk
548.0,2025-04-20,2025-01-06,104.0,At Risk
548.0,2025-05-07,2025-04-20,17.0,At Risk
548.0,2025-05-10,2025-05-07,3.0,At Risk
548.0,2025-06-05,2025-05-10,26.0,At Risk
548.0,2025-06-16,2025-06-05,11.0,At Risk
549.0,2024-05-15,,,At Risk
549.0,2024-06-19,2024-05-15,35.0,At Risk
549.0,2024-12-28,2024-06-19,192.0,At Risk
549.0,2025-02-03,2024-12-28,37.0,At Risk
549.0,2025-03-01,2025-02-03,26.0,At Risk
551.0,2024-12-01,,,At Risk
551.0,2025-01-15,2024-12-01,45.0,At Risk
551.0,2025-03-23,2025-01-15,67.0,At Risk
552.0,2025-05-11,,,Healthy
552.0,2025-05-21,2025-05-11,10.0,Healthy
553.0,2025-04-26,,,Healthy
553.0,2025-05-19,2025-04-26,23.0,Healthy
554.0,2024-09-27,,,At Risk
554.0,2024-12-29,2024-09-27,93.0,At Risk
554.0,2025-01-03,2024-12-29,5.0,At Risk
554.0,2025-03-01,2025-01-03,57.0,At Risk
554.0,2025-03-06,2025-03-01,5.0,At Risk
554.0,2025-05-18,2025-03-06,73.0,At Risk
554.0,2025-06-23,2025-05-18,36.0,At Risk
555.0,2024-02-11,,,At Risk
555.0,2024-04-21,2024-02-11,70.0,At Risk
555.0,2024-05-02,2024-04-21,11.0,At Risk
556.0,2025-02-21,,,At Risk
556.0,2025-04-14,2025-02-21,52.0,At Risk
556.0,2025-05-27,2025-04-14,43.0,At Risk
557.0,2024-05-25,,,At Risk
557.0,2024-07-21,2024-05-25,57.0,At Risk
557.0,2024-10-27,2024-07-21,98.0,At Risk
557.0,2025-04-03,2024-10-27,158.0,At Risk
557.0,2025-05-22,2025-04-03,49.0,At Risk
557.0,2025-05-29,2025-05-22,7.0,At Risk
558.0,2024-08-25,,,At Risk
558.0,2024-10-08,2024-08-25,44.0,At Risk
558.0,2024-11-20,2024-10-08,43.0,At Risk
558.0,2024-12-04,2024-11-20,14.0,At Risk
559.0,2024-10-27,,,At Risk
559.0,2025-05-14,2024-10-27,199.0,At Risk
560.0,2024-01-16,,,At Risk
560.0,2024-05-21,2024-01-16,126.0,At Risk
560.0,2024-06-16,2024-05-21,26.0,At Risk
560.0,2024-08-02,2024-06-16,47.0,At Risk
560.0,2024-10-28,2024-08-02,87.0,At Risk
560.0,2025-04-25,2024-10-28,179.0,At Risk
560.0,2025-06-26,2025-04-25,62.0,At Risk
561.0,2024-10-23,,,At Risk
561.0,2025-03-15,2024-10-23,143.0,At Risk
561.0,2025-04-20,2025-03-15,36.0,At Risk
562.0,2025-02-03,,,Healthy
562.0,2025-04-02,2025-02-03,58.0,Healthy
562.0,2025-04-02,2025-04-02,0.0,Healthy
563.0,2023-09-02,,,At Risk
563.0,2023-09-17,2023-09-02,15.0,At Risk
563.0,2024-02-13,2023-09-17,149.0,At Risk
563.0,2024-02-28,2024-02-13,15.0,At Risk
563.0,2024-08-12,2024-02-28,166.0,At Risk
564.0,2025-03-21,,,At Risk
564.0,2025-05-04,2025-03-21,44.0,At Risk
565.0,2024-06-26,,,At Risk
565.0,2024-11-13,2024-06-26,140.0,At Risk
565.0,2024-11-28,2024-11-13,15.0,At Risk
566.0,2024-09-10,,,At Risk
566.0,2025-03-26,2024-09-10,197.0,At Risk
567.0,2023-07-21,,,At Risk
567.0,2023-08-01,2023-07-21,11.0,At Risk
567.0,2023-08-01,2023-08-01,0.0,At Risk
567.0,2024-02-17,2023-08-01,200.0,At Risk
567.0,2024-10-16,2024-02-17,242.0,At Risk
567.0,2024-12-28,2024-10-16,73.0,At Risk
567.0,2025-01-23,2024-12-28,26.0,At Risk
568.0,2024-01-24,,,At Risk
568.0,2024-05-26,2024-01-24,123.0,At Risk
568.0,2025-06-17,2024-05-26,387.0,At Risk
569.0,2025-02-07,,,At Risk
569.0,2025-03-27,2025-02-07,48.0,At Risk
570.0,2024-02-28,,,At Risk
570.0,2024-06-28,2024-02-28,121.0,At Risk
570.0,2024-07-16,2024-06-28,18.0,At Risk
570.0,2025-05-05,2024-07-16,293.0,At Risk
571.0,2025-04-13,,,Healthy
571.0,2025-05-13,2025-04-13,30.0,Healthy
571.0,2025-06-04,2025-05-13,22.0,Healthy
572.0,2024-11-17,,,Healthy
572.0,2024-11-24,2024-11-17,7.0,Healthy
572.0,2024-11-26,2024-11-24,2.0,Healthy
572.0,2024-12-04,2024-11-26,8.0,Healthy
572.0,2024-12-26,2024-12-04,22.0,Healthy
572.0,2025-01-22,2024-12-26,27.0,Healthy
573.0,2024-10-13,,,At Risk
573.0,2024-10-24,2024-10-13,11.0,At Risk
573.0,2024-10-29,2024-10-24,5.0,At Risk
573.0,2024-12-13,2024-10-29,45.0,At Risk
573.0,2025-01-05,2024-12-13,23.0,At Risk
573.0,2025-04-22,2025-01-05,107.0,At Risk
574.0,2025-04-02,,,Healthy
574.0,2025-04-21,2025-04-02,19.0,Healthy
574.0,2025-05-26,2025-04-21,35.0,Healthy
574.0,2025-05-28,2025-05-26,2.0,Healthy
574.0,2025-06-02,2025-05-28,5.0,Healthy
575.0,2024-05-13,,,At Risk
575.0,2024-10-12,2024-05-13,152.0,At Risk
576.0,2025-05-10,,,Healthy
576.0,2025-05-31,2025-05-10,21.0,Healthy
576.0,2025-06-11,2025-05-31,11.0,Healthy
576.0,2025-06-29,2025-06-11,18.0,Healthy
577.0,2024-10-07,,,At Risk
577.0,2024-11-13,2024-10-07,37.0,At Risk
577.0,2025-02-01,2024-11-13,80.0,At Risk
577.0,2025-02-13,2025-02-01,12.0,At Risk
577.0,2025-02-23,2025-02-13,10.0,At Risk
577.0,2025-05-03,2025-02-23,69.0,At Risk
577.0,2025-06-15,2025-05-03,43.0,At Risk
578.0,2024-10-07,,,At Risk
578.0,2024-11-04,2024-10-07,28.0,At Risk
578.0,2025-01-24,2024-11-04,81.0,At Risk
579.0,2024-06-28,,,At Risk
579.0,2025-05-14,2024-06-28,320.0,At Risk
580.0,2023-09-26,,,At Risk
580.0,2023-12-03,2023-09-26,68.0,At Risk
580.0,2024-04-24,2023-12-03,143.0,At Risk
580.0,2024-06-11,2024-04-24,48.0,At Risk
580.0,2024-12-11,2024-06-11,183.0,At Risk
580.0,2025-03-22,2024-12-11,101.0,At Risk
580.0,2025-05-19,2025-03-22,58.0,At Risk
581.0,2024-12-23,,,At Risk
581.0,2025-06-27,2024-12-23,186.0,At Risk
582.0,2024-05-01,,,At Risk
582.0,2024-05-13,2024-05-01,12.0,At Risk
582.0,2024-07-23,2024-05-13,71.0,At Risk
582.0,2024-10-30,2024-07-23,99.0,At Risk
583.0,2024-04-18,,,At Risk
583.0,2024-05-03,2024-04-18,15.0,At Risk
583.0,2024-12-01,2024-05-03,212.0,At Risk
583.0,2025-03-28,2024-12-01,117.0,At Risk
583.0,2025-04-10,2025-03-28,13.0,At Risk
584.0,2024-12-15,,,At Risk
584.0,2025-04-04,2024-12-15,110.0,At Risk
584.0,2025-05-15,2025-04-04,41.0,At Risk
584.0,2025-06-04,2025-05-15,20.0,At Risk
585.0,2024-09-16,,,At Risk
585.0,2024-09-22,2024-09-16,6.0,At Risk
585.0,2025-02-03,2024-09-22,134.0,At Risk
585.0,2025-04-18,2025-02-03,74.0,At Risk
585.0,2025-04-19,2025-04-18,1.0,At Risk
586.0,2024-09-19,,,At Risk
586.0,2025-04-24,2024-09-19,217.0,At Risk
586.0,2025-06-15,2025-04-24,52.0,At Risk
587.0,2025-03-01,,,Healthy
587.0,2025-03-27,2025-03-01,26.0,Healthy
587.0,2025-04-03,2025-03-27,7.0,Healthy
587.0,2025-06-17,2025-04-03,75.0,Healthy
587.0,2025-06-19,2025-06-17,2.0,Healthy
588.0,2023-12-03,,,At Risk
588.0,2024-07-20,2023-12-03,230.0,At Risk
588.0,2024-08-24,2024-07-20,35.0,At Risk
588.0,2025-01-19,2024-08-24,148.0,At Risk
588.0,2025-03-10,2025-01-19,50.0,At Risk
588.0,2025-06-19,2025-03-10,101.0,At Risk
589.0,2024-06-26,,,At Risk
589.0,2024-08-06,2024-06-26,41.0,At Risk
589.0,2024-08-25,2024-08-06,19.0,At Risk
589.0,2024-09-22,2024-08-25,28.0,At Risk
589.0,2024-10-26,2024-09-22,34.0,At Risk
589.0,2025-05-28,2024-10-26,214.0,At Risk
590.0,2023-12-16,,,At Risk
590.0,2024-04-12,2023-12-16,118.0,At Risk
590.0,2024-11-03,2024-04-12,205.0,At Risk
590.0,2024-12-05,2024-11-03,32.0,At Risk
590.0,2025-02-23,2024-12-05,80.0,At Risk
592.0,2025-02-24,,,At Risk
592.0,2025-03-12,2025-02-24,16.0,At Risk
592.0,2025-05-30,2025-03-12,79.0,At Risk
593.0,2025-02-22,,,Healthy
593.0,2025-02-22,2025-02-22,0.0,Healthy
593.0,2025-03-01,2025-02-22,7.0,Healthy
593.0,2025-04-15,2025-03-01,45.0,Healthy
593.0,2025-04-23,2025-04-15,8.0,Healthy
593.0,2025-06-12,2025-04-23,50.0,Healthy
594.0,2025-01-06,,,At Risk
594.0,2025-02-08,2025-01-06,33.0,At Risk
594.0,2025-02-11,2025-02-08,3.0,At Risk
594.0,2025-03-29,2025-02-11,46.0,At Risk
594.0,2025-05-12,2025-03-29,44.0,At Risk
594.0,2025-06-19,2025-05-12,38.0,At Risk
595.0,2025-03-02,,,At Risk
595.0,2025-04-07,2025-03-02,36.0,At Risk
598.0,2025-02-01,,,At Risk
598.0,2025-03-24,2025-02-01,51.0,At Risk
598.0,2025-04-30,2025-03-24,37.0,At Risk
598.0,2025-05-07,2025-04-30,7.0,At Risk
599.0,2025-06-12,,,Healthy
599.0,2025-06-17,2025-06-12,5.0,Healthy
599.0,2025-06-23,2025-06-17,6.0,Healthy
599.0,2025-06-23,2025-06-23,0.0,Healthy
600.0,2024-11-26,,,At Risk
600.0,2025-06-09,2024-11-26,195.0,At Risk
