customer_id,customer_name,email,registration_date,customer_type
1,Aryan Maharaj,udantdewan@example.net,2024-10-09,PREMIUM
2,Gagan Sami,balangirik@example.org,2023-12-08,PREMIUM
3,Yashasvi Bala,onikannan@example.com,2024-11-07,REGULAR
4,Abeer Dutta,roak@example.org,2024-09-01,REGULAR
5,Gayathri Chaudry,raigunbir@example.com,2023-11-17,REGULAR
6,Aishani Bassi,hyadav@example.com,2024-08-09,REGULAR
7,Chaaya Pathak,ekarajbath@example.net,2024-07-28,REGULAR
8,Bimala Buch,harrisonrai@example.com,2024-01-03,REGULAR
9,Janya Gaba,isha34@example.net,2025-02-15,REGULAR
10,Onveer Walla,nihalshere@example.com,2024-01-02,VIP
11,Theodore Nair,karnikazad@example.com,2024-02-17,REGULAR
12,Amrita Bhatti,divyakala@example.net,2024-03-05,REGULAR
13,Meghana Shanker,alkadewan@example.org,2025-02-16,REGULAR
14,Priya Rastogi,theodore28@example.com,2023-09-05,REGULAR
15,Champak Choudhary,nathanielsami@example.net,2024-08-02,REGULAR
16,Lekha Raj,qwadhwa@example.net,2025-04-18,REGULAR
17,Ishwar Yadav,harini14@example.com,2024-11-29,PREMIUM
18,Sudiksha Aggarwal,xiti28@example.org,2025-01-21,REGULAR
19,Yashica Issac,kashviedwin@example.net,2023-11-28,REGULAR
20,Ekiya Suresh,choudhuryjanani@example.com,2024-05-18,REGULAR
21,Dalbir Khosla,chadavedika@example.org,2024-03-14,PREMIUM
22,Kabir Soman,alkawable@example.net,2024-11-27,REGULAR
23,Siddharth Zacharia,devikarastogi@example.net,2024-09-16,REGULAR
24,Raksha Varughese,pdara@example.org,2023-12-08,REGULAR
25,Hamsini Bail,thomasamble@example.org,2025-05-19,REGULAR
26,Veer Bir,narayananekavir@example.net,2024-11-13,PREMIUM
27,Arya Sunder,kevinsolanki@example.org,2023-07-14,REGULAR
28,Niharika Gupta,chatterjeeraagini@example.com,2024-02-01,REGULAR
29,Nirja Sibal,chaudharidarsh@example.com,2025-05-10,PREMIUM
30,Ikbal Kothari,ranveeryadav@example.com,2024-01-31,REGULAR
31,Pahal Goswami,turvi31@example.com,2025-04-18,REGULAR
32,Chandresh Zachariah,chanderwarjas@example.org,2023-12-23,PREMIUM
33,Vedika Srivastava,nandinibhargava@example.org,2024-07-23,REGULAR
34,Aarnav Ramakrishnan,suhani46@example.net,2025-04-28,REGULAR
35,Mohammed Gupta,teerth09@example.net,2023-09-16,REGULAR
36,Dipta Bhandari,soodyadavi@example.net,2023-07-07,REGULAR
37,Dakshesh Trivedi,grewalekapad@example.net,2023-10-03,REGULAR
38,Wahab Raval,koshybalveer@example.net,2023-07-20,REGULAR
39,Oni Virk,advika35@example.org,2024-05-29,VIP
40,Meghana Deep,tanvi51@example.org,2025-03-30,PREMIUM
41,Harish Borah,yashawinilanka@example.org,2023-08-28,REGULAR
42,Ekapad Konda,bhavani27@example.net,2023-12-25,REGULAR
43,Abhiram Mistry,desaiaishani@example.org,2024-01-14,REGULAR
44,Nachiket Magar,shivansh53@example.net,2025-06-10,PREMIUM
45,Yashasvi Suresh,charan16@example.com,2025-06-24,REGULAR
46,Aarush Nath,adwetaedwin@example.net,2025-05-09,REGULAR
47,Prisha Andra,borramanthan@example.net,2025-03-15,REGULAR
48,Kala Divan,cdatta@example.com,2023-09-27,REGULAR
49,Balveer Parmar,zaidchauhan@example.com,2025-06-10,REGULAR
50,Mohammed Khalsa,petersachar@example.org,2023-06-01,REGULAR
51,Gaurangi Sabharwal,amaradutta@example.net,2023-08-26,PREMIUM
52,Lavanya Barad,mkapadia@example.com,2025-03-07,REGULAR
53,Dalaja Kari,arjunhans@example.com,2023-12-05,VIP
54,Arya Boase,indali86@example.net,2023-08-06,PREMIUM
55,Ayaan D’Alia,pranav94@example.org,2025-01-11,REGULAR
56,Radha Pai,rajata98@example.org,2024-10-25,REGULAR
57,Ranveer Kumar,sarinaarav@example.net,2023-12-23,REGULAR
58,Januja Sankar,narayanandipta@example.net,2025-06-19,REGULAR
59,Charita Tripathi,nilima56@example.net,2024-12-18,PREMIUM
60,Joshua Handa,rraghavan@example.net,2024-04-05,REGULAR
61,Charvi Ravi,modibhavini@example.org,2024-05-06,REGULAR
62,Ekanta Shroff,rsathe@example.org,2023-12-10,REGULAR
63,Omkaar Chad,yutika95@example.org,2024-08-30,REGULAR
64,Dayita Kar,mananbakshi@example.org,2023-06-06,REGULAR
65,Vaishnavi Bora,osachdeva@example.net,2023-11-25,REGULAR
66,Leena Talwar,jkohli@example.net,2024-02-12,REGULAR
67,Hredhaan Sandal,patrickvasa@example.com,2024-11-01,REGULAR
68,Zaid Dara,zdeol@example.com,2024-12-13,REGULAR
69,Saanvi Thaman,ksehgal@example.net,2024-06-02,REGULAR
70,Shivani Lad,aradhanaverma@example.com,2024-04-12,REGULAR
71,Anvi Sarraf,mangalwahab@example.com,2024-04-30,REGULAR
72,Ekaja Zachariah,devimatthew@example.org,2025-04-01,PREMIUM
73,Michael Kala,sachdevanikita@example.com,2024-10-14,REGULAR
74,Ojasvi Bhatia,osharamachandran@example.net,2024-02-19,REGULAR
75,Lajita Sood,pandeychanchal@example.com,2023-10-27,REGULAR
76,Thomas Sura,anjalisarin@example.com,2024-04-23,REGULAR
77,Lopa Nayar,dgandhi@example.org,2025-04-10,REGULAR
78,Meera Bala,sanghakrishna@example.com,2025-03-31,REGULAR
79,Chandresh Lad,nnarang@example.com,2024-10-19,PREMIUM
80,Geetika Raghavan,oviya41@example.com,2025-06-22,PREMIUM
81,Charles Palla,ekapadbaria@example.org,2023-12-01,REGULAR
82,Ryan Bahri,williamdate@example.com,2023-11-14,VIP
83,Tejas Shroff,jyoti29@example.net,2023-10-06,VIP
84,Nihal Mukhopadhyay,baldevika@example.net,2023-12-23,PREMIUM
85,Mekhala Issac,kibeharsh@example.net,2024-01-08,VIP
86,Jai Barman,priya51@example.net,2025-01-29,PREMIUM
87,Advik Salvi,bcherian@example.com,2023-09-29,REGULAR
88,Michael Saran,anamikayohannan@example.com,2023-07-16,REGULAR
89,Rajata Loyal,yatan14@example.com,2025-01-01,REGULAR
90,Ucchal Raghavan,ayush75@example.org,2024-06-05,PREMIUM
91,Simon Pant,harini49@example.net,2023-10-01,REGULAR
92,Advaith Varughese,frederickkhurana@example.net,2025-03-23,REGULAR
93,Vrinda Khosla,cswaminathan@example.org,2024-11-06,REGULAR
94,Chaitaly Kant,tkohli@example.net,2025-06-01,REGULAR
95,Urvashi Wali,pavani85@example.com,2024-09-04,REGULAR
96,Anika Mohan,vihaan13@example.com,2024-10-23,REGULAR
97,Qasim Handa,vedamalhotra@example.net,2025-05-27,PREMIUM
98,Harish Hari,utkarsh52@example.com,2024-01-31,REGULAR
99,Jonathan Mahal,bhagatbrinda@example.net,2024-11-03,REGULAR
100,Vritti Chauhan,maneupasna@example.com,2025-05-22,REGULAR
101,Harini Gour,krishnanvanya@example.org,2024-05-21,REGULAR
102,Nandini Swamy,beramax@example.org,2023-08-17,REGULAR
103,Frederick Kothari,sahaupkaar@example.net,2023-12-23,REGULAR
104,Shravya Savant,pushti49@example.net,2023-07-24,REGULAR
105,Hardik Johal,aishanibumb@example.org,2023-10-01,REGULAR
106,Oscar Borde,aarnavrege@example.com,2024-01-21,VIP
107,Bishakha Bali,bhavyamandal@example.net,2024-10-20,PREMIUM
108,Ekavir Kaur,rudra61@example.net,2024-08-04,PREMIUM
109,Manthan Lata,ekbalbhasin@example.org,2025-05-30,REGULAR
110,Bhavya Sarna,sidhudaksha@example.net,2025-04-22,REGULAR
111,Anita Tella,fsarma@example.net,2023-12-29,REGULAR
112,Rachana Naidu,atharv13@example.net,2024-02-22,REGULAR
113,Amruta Baria,upmavenkataraman@example.net,2023-12-23,REGULAR
114,Arunima Golla,fswamy@example.com,2025-05-06,REGULAR
115,Nilima Nath,henry25@example.com,2024-04-25,REGULAR
116,Bhavya Rattan,shagaurang@example.com,2024-02-15,REGULAR
117,Ekiya D’Alia,avarkey@example.net,2023-12-21,REGULAR
118,Odika Bhagat,zarnapathak@example.net,2024-11-30,REGULAR
119,Riya Behl,amaradeep@example.com,2023-07-29,PREMIUM
120,Vedhika Dara,khatrinathan@example.com,2023-09-24,PREMIUM
121,Nikita Chander,ishaanshenoy@example.org,2024-08-26,REGULAR
122,Wishi Manne,ojasvi77@example.org,2023-07-03,PREMIUM
123,Maanav Rajagopal,yashodadeshpande@example.org,2025-02-08,REGULAR
124,Oeshi Oak,aarnav44@example.net,2024-03-04,REGULAR
125,Manthan Sekhon,vpai@example.net,2023-08-19,REGULAR
126,Tamanna Nagy,williamrajagopal@example.org,2025-04-10,REGULAR
127,Caleb Nadkarni,yraj@example.net,2023-09-29,REGULAR
128,Warhi Bansal,yadavinarula@example.org,2023-10-05,PREMIUM
129,Harish Vora,uaurora@example.org,2025-04-15,REGULAR
130,Mohammed Borde,vlanka@example.net,2025-05-19,VIP
131,Faris Narasimhan,onadig@example.net,2025-02-13,PREMIUM
132,Balendra Biswas,bhavnakaran@example.net,2023-12-10,PREMIUM
133,Radha Chaudhari,sawhneyojas@example.net,2023-08-23,REGULAR
134,Ayush Batra,daksh45@example.com,2024-05-31,PREMIUM
135,Madhav Konda,kgole@example.org,2024-05-23,PREMIUM
136,Lavanya Khosla,odhar@example.com,2025-04-07,REGULAR
137,Tripti Kumer,shroffbhavna@example.net,2023-10-29,REGULAR
138,Ethan Sathe,chandani64@example.com,2023-07-24,REGULAR
139,Rushil Rajagopalan,pchhabra@example.com,2024-10-11,PREMIUM
140,Chakrika Merchant,randhawaanvi@example.org,2025-03-17,VIP
141,Watika Mangat,indirakanda@example.net,2023-08-29,REGULAR
142,Zashil Devan,baraldayamai@example.com,2024-08-24,REGULAR
143,Janya Deep,merchanteta@example.net,2023-08-24,REGULAR
144,Parth Iyer,jasmitwali@example.net,2025-01-31,REGULAR
145,Nitesh Kurian,vmerchant@example.com,2024-07-02,PREMIUM
146,Upadhriti Borra,upkaarranganathan@example.net,2023-10-26,PREMIUM
147,Gautam Rana,lallajatin@example.com,2023-06-02,PREMIUM
148,Adweta Raj,hritik37@example.org,2024-11-15,PREMIUM
149,Timothy Bhatnagar,pmittal@example.com,2024-11-02,REGULAR
150,Logan Bath,modiwaida@example.org,2025-06-07,REGULAR
151,Wahab Yogi,lipikasetty@example.com,2024-01-30,REGULAR
152,Mohammed Sachdeva,surinikita@example.com,2025-04-30,REGULAR
153,Kamala Kalla,psaxena@example.com,2024-04-13,PREMIUM
154,Jhalak Parmer,raoanya@example.org,2024-08-04,REGULAR
155,Suhani Chand,anshbedi@example.com,2025-05-31,PREMIUM
156,Jeremiah Jha,johaltarak@example.org,2023-10-14,REGULAR
157,Manbir Agate,maanav28@example.com,2024-07-30,REGULAR
158,Imaran Bal,alexanderparmar@example.org,2023-11-11,REGULAR
159,Amol Ghosh,charles26@example.net,2024-10-21,REGULAR
160,Devansh Soni,gpathak@example.net,2024-11-06,REGULAR
161,Siya Thakur,calebverma@example.com,2025-04-30,PREMIUM
162,Azaan Bhat,bratti@example.net,2024-10-24,REGULAR
163,Vritti Sawhney,buchekanta@example.net,2024-10-04,REGULAR
164,Dominic Date,ekta69@example.net,2025-06-09,PREMIUM
165,Sudiksha Tiwari,ychaudhary@example.net,2023-11-22,REGULAR
166,Tanveer Sani,akari@example.com,2023-07-06,REGULAR
167,Mohini Sagar,munshiprisha@example.com,2025-03-22,REGULAR
168,Kavya Dua,fbhavsar@example.org,2025-04-19,REGULAR
169,Rachana Char,kalpit80@example.net,2024-11-22,REGULAR
170,Jason Roy,pallavi04@example.net,2023-09-23,REGULAR
171,Indira Chawla,mohammedsubramaniam@example.org,2025-01-04,PREMIUM
172,Inaya Pillai,mallickupkaar@example.com,2025-01-25,REGULAR
173,Amara Balakrishnan,anjalimore@example.com,2025-06-14,REGULAR
174,Abeer Golla,nandiniboase@example.org,2024-08-06,PREMIUM
175,Gavin Wali,krishasaini@example.com,2024-05-20,REGULAR
176,Nakul Pingle,ekta99@example.org,2024-07-17,REGULAR
177,Nachiket Dugar,bumbanita@example.com,2025-06-07,REGULAR
178,Vedika Sathe,nmahajan@example.net,2025-02-23,REGULAR
179,Hemani Sani,mandervidhi@example.net,2025-03-07,REGULAR
180,Chakradev Kannan,abhakta@example.org,2023-10-02,REGULAR
181,Siddharth Devan,bimala51@example.org,2023-12-19,PREMIUM
182,Qushi Gill,lajitawalia@example.net,2024-01-02,REGULAR
183,Xiti Pandya,ranganathanbrijesh@example.com,2024-09-29,REGULAR
184,Tripti Brahmbhatt,pushti96@example.net,2024-12-06,REGULAR
185,Bimala Contractor,ubail@example.org,2024-02-04,REGULAR
186,Janaki Chakrabarti,pcherian@example.com,2023-09-26,PREMIUM
187,Farhan Randhawa,harinakshi35@example.org,2024-11-30,REGULAR
188,Yashvi Comar,ikshitapanchal@example.net,2024-02-13,REGULAR
189,Warinder Chauhan,aahanahora@example.org,2023-11-08,REGULAR
190,Faqid Goel,wshetty@example.net,2025-01-18,PREMIUM
191,Ekantika Mutti,riabir@example.com,2025-03-27,REGULAR
192,Chavvi Maharaj,pandeyyashicaexample.org,2024-06-05,PREMIUM
193,Triya Seth,bhandarijyoti@example.com,2025-03-24,PREMIUM
194,Gautam Tripathi,lshere@example.net,2024-07-23,REGULAR
195,Shivani Guha,vamakshi82@example.org,2024-09-11,REGULAR
196,Harshil Oza,thamanorinder@example.org,2023-12-29,REGULAR
197,Raksha Sarna,janujapradhan@example.com,2024-02-17,PREMIUM
198,Nilima Nigam,nattdominic@example.com,2024-12-14,REGULAR
199,Libni Mander,mason51@example.net,2023-09-08,REGULAR
200,Inaya Mukherjee,mdayal@example.net,2025-05-05,REGULAR
201,Dayita Puri,joshua81@example.net,2023-06-22,REGULAR
202,Yashoda Pathak,patildayamai@example.org,2025-04-04,REGULAR
203,Harita Sunder,upkaardevan@example.org,2024-03-21,REGULAR
204,Chakrika Chaudhuri,nayarkaran@example.net,2024-02-18,REGULAR
205,Mitesh Gaba,noahsarma@example.org,2025-01-05,REGULAR
206,Janya Khanna,wmane@example.net,2025-03-10,REGULAR
207,Vivaan Walla,dayamaisingh@example.org,2024-07-23,VIP
208,Ridhi Shenoy,lavanya88@example.com,2023-11-22,PREMIUM
209,Ryan Devi,charles75@example.net,2024-10-19,REGULAR
210,Zaitra Dash,fiyaz24@example.com,2023-12-10,REGULAR
211,Rajeshri Chand,shravyapalla@example.org,2023-09-27,REGULAR
212,Chatresh Randhawa,warinder61@example.com,2023-08-28,REGULAR
213,Ayaan Nagar,nayakmadhav@example.org,2024-11-25,REGULAR
214,Bhavini Sodhi,upasnasen@example.net,2024-09-13,PREMIUM
215,Fariq Bahl,tanveer28@example.net,2023-08-28,REGULAR
216,Indrajit Mani,charvidara@example.org,2024-01-28,REGULAR
217,Oni Shankar,choudhryxalak@example.net,2024-01-29,VIP
218,Yutika Khurana,bishakhasanghvi@example.org,2024-03-18,PREMIUM
219,Wridesh Saha,frederickviswanathan@example.com,2023-07-30,PREMIUM
220,Yashica Tripathi,ramakrishnanupma@example.org,2023-12-06,PREMIUM
221,Kashvi Kulkarni,parikhekansh@example.com,2025-03-22,PREMIUM
222,Hemang Natarajan,chaitanyapandey@example.net,2025-02-08,PREMIUM
223,Parth Shetty,zgopal@example.org,2024-02-25,PREMIUM
224,Tanvi Bansal,saksham03@example.org,2023-07-24,REGULAR
225,Dayita Varma,qsolanki@example.org,2025-03-21,REGULAR
226,Bhavika Parikh,narulaanjali@example.org,2024-05-02,REGULAR
227,Rajeshri Ratta,vraju@example.org,2025-03-05,REGULAR
228,Widisha Pillai,fitan61@example.com,2023-10-15,VIP
229,Chaaya Nagi,buchfalak@example.net,2023-12-27,VIP
230,Damini Sehgal,sganesan@example.com,2025-01-22,REGULAR
231,Sanya Basak,radhika40@example.org,2024-12-19,REGULAR
232,Januja Varghese,azaandhar@example.net,2023-12-08,REGULAR
233,Bakhshi Date,keerjeevika@example.com,2025-04-15,PREMIUM
234,Bachittar Dube,xprabhakar@example.com,2024-08-16,REGULAR
235,Laksh Wagle,mitali54@example.org,2023-06-23,REGULAR
236,Atharv Grewal,yvasa@example.net,2024-06-13,PREMIUM
237,Adweta Lad,nkala@example.com,2024-02-20,REGULAR
238,Ryan Das,ethanseth@example.org,2025-04-14,REGULAR
239,Gagan Nagarajan,dhruv88@example.com,2025-06-06,REGULAR
240,Nakul Ghosh,yashoda31@example.org,2024-04-11,PREMIUM
241,Warjas Tak,pateljyoti@example.com,2024-11-18,PREMIUM
242,Gabriel Bhatti,mitali78@example.com,2024-05-14,REGULAR
243,Ethan Dass,ethan77@example.net,2023-11-20,REGULAR
244,Kabir Gopal,rachitathakkar@example.org,2024-10-28,REGULAR
245,Zarna Dua,nitesh25@example.net,2024-07-17,VIP
246,Hiral Venkataraman,farhan43@example.net,2024-08-01,PREMIUM
247,Jeremiah Mitter,thakkarom@example.net,2023-12-28,REGULAR
248,Onveer Nazareth,balakrishnanfinn@example.org,2024-12-12,REGULAR
249,Shivansh Saha,tankbimala@example.net,2024-07-21,PREMIUM
250,Vasudha Konda,dmishra@example.org,2023-10-27,REGULAR
251,Nakul Sarraf,dsule@example.org,2024-12-14,PREMIUM
252,Maanas Munshi,hemani62@example.com,2024-09-06,REGULAR
253,Eiravati Khurana,rdas@example.com,2023-10-29,REGULAR
254,Lohit Chatterjee,mannanleena@,2024-01-21,REGULAR
255,Yuvraj Dutta,dhriti32@example.com,2025-06-26,REGULAR
256,Wishi Morar,fbajaj@example.com,2025-06-03,PREMIUM
257,Wridesh Kale,chanakya04@example.com,2024-06-16,REGULAR
258,Bhavika Yadav,chokshiraagini@example.org,2024-01-07,REGULAR
259,Jasmit Rau,chakradev60@example.net,2023-10-22,REGULAR
260,Janani Mani,rajuyamini@example.com,2025-03-31,PREMIUM
261,Jagat Dave,rameshkashvi@example.com,2024-04-07,REGULAR
262,Maanas Issac,ctella@example.org,2024-11-15,REGULAR
263,Laksh Nath,dvenkataraman@example.org,2024-08-11,REGULAR
264,Falak Nagar,mayamistry@example.net,2023-12-10,PREMIUM
265,Yashica Upadhyay,emistry@example.org,2024-09-13,REGULAR
266,Garima Choudhary,ymorar@example.net,2025-01-23,REGULAR
267,Urvi Lanka,charansrinivasan@example.org,2024-05-09,REGULAR
268,Manbir Kibe,choudharyrayaan@example.org,2024-04-29,REGULAR
269,Dipta Sahota,nitarajani@example.com,2024-09-16,REGULAR
270,David Devi,ektasridhar@example.net,2025-01-13,REGULAR
271,Dipta Ghose,vwalia@example.net,2024-10-25,REGULAR
272,Aishani Sule,yatinmallick@example.net,2024-08-02,REGULAR
273,Umang Mishra,sarthak75@example.com,2024-05-15,REGULAR
274,Anusha Mani,raghavanmegha@example.com,2023-06-26,PREMIUM
275,Bina Basak,farhan57@example.net,2024-11-28,REGULAR
276,Varenya Kala,anikamagar@example.org,2023-11-29,PREMIUM
277,Wriddhish Kibe,waliupkaar@example.net,2024-09-28,PREMIUM
278,Charles Chaudhry,tnarayanan@example.com,2023-11-01,REGULAR
279,Laksh Ahluwalia,niharikasoni@example.com,2024-10-16,REGULAR
280,Bhavna Nagi,daniel19@example.org,2023-09-19,REGULAR
281,Parth Sahni,balhaarranganathan@example.com,2024-01-25,PREMIUM
282,Bimala Barad,misrahredhaan@example.com,2025-05-16,REGULAR
283,Suhani Viswanathan,gdesai@example.com,2024-11-16,REGULAR
284,Reyansh Chowdhury,nicholas74@example.net,2023-12-29,REGULAR
285,Akshay Nazareth,reyansh29@example.net,2023-08-02,PREMIUM
286,Prisha Varma,gabriel61@example.org,2024-12-22,REGULAR
287,Vansha Naik,abeerlal@example.com,2023-08-10,PREMIUM
288,Sanya Loke,chasmum99@example.org,2025-03-30,VIP
289,Jagvi Keer,daniudyati@example.com,2025-01-15,REGULAR
290,Nidra Thakkar,jacob45@example.net,2023-07-02,REGULAR
291,Theodore Deol,ddua@example.net,2024-07-08,VIP
292,Ojasvi Sinha,yugbumb@example.net,2023-10-19,REGULAR
293,Janaki Brahmbhatt,bhatiayashasvi@example.org,2025-02-22,REGULAR
294,Nitesh Narang,rdada@example.org,2024-02-26,REGULAR
295,Gavin Uppal,dbhakta@example.org,2023-08-21,REGULAR
296,Tanmayi Bhardwaj,umorar@example.org,2024-11-20,PREMIUM
297,Aachal Aggarwal,elijahbath@example.com,2024-04-07,REGULAR
298,Devansh Bhasin,sodhiazad@example.com,2024-05-19,REGULAR
299,Pranit Deshmukh,yprasad@example.com,2023-08-30,REGULAR
300,Keya Buch,ijayadani@example.org,2024-07-04,REGULAR
301,Joshua Kapoor,bajajchanchal@example.com,2025-04-06,REGULAR
302,Ladli Karpe,trivenipal@example.org,2023-10-24,REGULAR
303,Ranbir Chowdhury,sainiamol@example.org,2024-06-22,PREMIUM
304,Ekalinga Chaudhuri,sekhonchanakya@example.org,2023-11-06,REGULAR
305,Neelima Sarna,teerthbhalla@example.org,2024-01-10,PREMIUM
306,Vivaan Nagar,warjas42@example.net,2023-09-03,REGULAR
307,Odika Mital,darsh89@example.net,2025-02-10,REGULAR
308,Prisha Tandon,padmanabhanlakshmiexample.net,2024-08-01,REGULAR
309,Omaja Rege,charitapuri@example.org,2025-03-15,REGULAR
310,Wridesh Kar,maanas70@example.net,2023-08-31,REGULAR
311,Omaja Wagle,lipikakibe@example.com,2025-05-25,REGULAR
312,Ganga Brar,fprabhakar@example.net,2023-12-30,REGULAR
313,Charan Loyal,ebaral@example.org,2024-06-01,REGULAR
314,Varenya Joshi,chavvi03@example.org,2024-03-24,REGULAR
315,Varenya Kibe,mekhalakhatri@example.net,2024-12-31,PREMIUM
316,Barkha Rai,pwalla@example.com,2024-01-01,PREMIUM
317,Advika Parsa,gshukla@example.net,2024-02-19,REGULAR
318,Ekaja Jani,dhriti60@,2025-02-27,PREMIUM
319,Madhav Babu,omisha42@example.org,2024-08-24,REGULAR
320,Victor Raghavan,xalaknazareth@example.com,2023-09-24,REGULAR
321,Vritti Sharma,indiragara@example.org,2024-02-14,REGULAR
322,Qarin Bhargava,bordechanakya@example.org,2024-05-19,PREMIUM
323,Laksh Kashyap,doraaditya@example.org,2024-11-23,REGULAR
324,Kashvi Bhasin,bsura@example.org,2025-03-26,REGULAR
325,Advik Badal,bhavini08@example.net,2024-12-30,VIP
326,Praneel Chhabra,viswanathanmanthan@example.org,2024-03-23,PREMIUM
327,Zayyan Pandya,mekhala15@example.com,2025-02-27,REGULAR
328,Yagnesh Kara,faris01@example.com,2025-06-19,REGULAR
329,Krishna Soni,andraonveer@example.org,2024-09-01,REGULAR
330,Radha Narula,wablebrijesh@example.org,2025-03-18,REGULAR
331,Vaishnavi Madan,bordeavniexample.net,2024-05-20,PREMIUM
332,Praneel Murty,johalmaanas@example.net,2025-06-23,REGULAR
333,Faraj Mistry,wrideshramachandran@example.net,2025-06-22,REGULAR
334,Leena Dey,tellahiral@example.org,2024-04-04,PREMIUM
335,Rajeshri Kata,oakmekhala@example.com,2025-03-24,REGULAR
336,Anjali Seshadri,wkari@example.net,2025-06-11,PREMIUM
337,Rachana Grewal,xchada@example.net,2025-01-10,REGULAR
338,Yatin Borah,loyalmitesh@example.com,2024-09-22,REGULAR
339,Lopa Nadig,hredhaan10@example.com,2025-05-16,REGULAR
340,Jagvi Madan,deogagan@example.org,2023-08-10,REGULAR
341,Saumya Vala,bchauhan@example.org,2024-10-05,REGULAR
342,Girik Nair,sarora@example.com,2023-10-08,VIP
343,Frado Kibe,lajitagara@example.org,2023-07-06,REGULAR
344,Charvi Loyal,edhingra@example.org,2024-03-05,REGULAR
345,Anya Sama,veda15@example.com,2024-07-17,PREMIUM
346,Warhi Hayre,ichhabra@example.com,2023-10-18,REGULAR
347,Meghana Natarajan,cnarayan@example.com,2025-04-07,PREMIUM
348,Laban Mital,sai75@example.org,2024-06-21,REGULAR
349,Eiravati Manne,ukibe@example.com,2024-05-24,REGULAR
350,Maya Patla,iyengarpranit@,2024-10-30,VIP
351,Triya Kadakia,smanne@example.org,2024-11-08,REGULAR
352,Xalak Dewan,wyatt42@example.net,2025-06-04,REGULAR
353,Krishna Borah,lsrinivas@example.com,2024-10-09,PREMIUM
354,Balhaar Parsa,choprayuvraj@example.net,2024-05-20,REGULAR
355,Ojas Basu,ynarula@example.com,2024-03-25,REGULAR
356,Advaith Chaudhari,tristan88@example.net,2024-03-23,REGULAR
357,Sanaya Prasad,xsheth@example.net,2024-11-25,VIP
358,Hemani Bakshi,scheema@example.com,2024-10-24,REGULAR
359,Jack Dhar,devika57@example.org,2025-04-02,PREMIUM
360,Ijaya Soni,sarmasneha@example.com,2023-07-09,PREMIUM
361,Charita Basu,bajajhemal@example.net,2025-03-08,REGULAR
362,Nitesh Kohli,nathanielnarayanan@example.net,2025-02-10,PREMIUM
363,Turvi Kata,lgour@example.net,2023-11-18,REGULAR
364,Meghana Balakrishnan,shivanisanghvi@example.com,2024-11-08,PREMIUM
365,Tanish Jha,dev91@example.net,2024-11-10,REGULAR
366,Jasmit Nanda,tanvicomar@example.com,2025-05-02,REGULAR
367,Dhriti Rama,wcomar@example.com,2025-02-02,REGULAR
368,Orinder Mishra,desaidhriti@example.org,2024-12-20,VIP
369,Dalaja Dada,kashvidhaliwal@example.net,2024-02-09,REGULAR
370,Omya Devi,lsampath@example.com,2023-09-11,PREMIUM
371,Ojas Suri,logan25@example.com,2024-03-11,VIP
372,Jagrati Andra,mdeshpande@example.com,2025-03-07,VIP
373,Nilima Swamy,fsawhney@example.org,2025-06-03,PREMIUM
374,Azaan Kannan,bachittar43@example.net,2024-12-31,PREMIUM
375,Om Shankar,hvaidya@example.net,2024-05-29,REGULAR
376,Amrita Peri,sastrytejas@example.com,2025-06-20,PREMIUM
377,Yug Mishra,senguptaadya@example.com,2024-11-05,VIP
378,Reva Dalal,shauryapanchal@example.net,2025-02-14,REGULAR
379,Noah Dewan,samuelbhargava@,2024-04-02,REGULAR
380,Avni Yohannan,ekiyamaster@example.com,2024-11-04,REGULAR
381,Yoshita Chandran,nishabhargava@example.com,2024-03-22,VIP
382,Kevin Krish,ekantakota@example.net,2023-08-24,REGULAR
383,Vrishti Dhar,oeshi67@example.org,2024-09-24,REGULAR
384,Neha Varma,jyoti77@example.com,2025-05-11,REGULAR
385,Girik Shanker,dev86@example.org,2024-10-06,VIP
386,Siddharth Talwar,ekantika45@example.net,2024-01-21,REGULAR
387,Vedhika Oza,batrahardik@example.net,2023-07-06,REGULAR
388,Amol Dash,ridhishan@example.org,2024-06-17,REGULAR
389,Samaksh Deo,nathan41@example.net,2024-07-22,REGULAR
390,Zashil Butala,noah06@example.net,2024-11-02,PREMIUM
391,Vivaan Sanghvi,chandranaarav@example.org,2024-07-24,PREMIUM
392,Faras Deo,zilmilsaxena@example.org,2023-09-29,PREMIUM
393,Hemal Dara,edeo@example.org,2025-03-09,REGULAR
394,Leela Chakraborty,chauhandhriti@example.com,2025-06-09,PREMIUM
395,Laksh Raja,lukebiswas@example.net,2023-11-16,VIP
396,Nitesh Sarraf,tanay26@example.net,2025-03-26,VIP
397,Teerth Chadha,deyjatin@example.net,2024-03-12,VIP
398,Indali Sanghvi,logan34@example.net,2024-03-05,REGULAR
399,Yuvraj Mane,mitrasamesh@example.net,2025-06-22,PREMIUM
400,Manya Merchant,khatriwarda@example.com,2024-05-19,REGULAR
401,Wridesh Tata,wableadvik@example.com,2024-10-09,REGULAR
402,Kevin Ram,ipau@example.net,2025-02-01,VIP
403,Urishilla Bora,birakshay@example.com,2025-02-01,REGULAR
404,Balveer Bhasin,stoor@example.net,2025-01-15,REGULAR
405,Pallavi Ratti,yadavmichael@example.com,2025-02-21,REGULAR
406,Dayita Brar,nachiketyadav@example.com,2023-09-23,REGULAR
407,Dominic Mukherjee,dkhare@example.org,2024-01-02,REGULAR
408,Radha D’Alia,tbhakta@example.net,2023-09-09,PREMIUM
409,Jagdish Arora,advaygade@example.com,2023-08-25,REGULAR
410,Zansi Lad,kamyadate@example.net,2023-06-12,PREMIUM
411,Jacob Balan,pushti48@example.org,2024-08-31,REGULAR
412,Faraj Taneja,xvaidya@example.org,2023-07-11,REGULAR
413,Ojas Pillai,aadhyachauhan@example.net,2023-08-28,REGULAR
414,Vedant Upadhyay,basuadvik@example.org,2025-01-25,REGULAR
415,Urmi Patla,ldoctor@example.org,2024-05-17,VIP
416,Udarsh Nagy,omajanagarajan@example.com,2023-07-04,VIP
417,Kashish Dar,golaudant@example.net,2024-10-24,REGULAR
418,Nandini Biswas,xmandal@example.com,2025-06-18,VIP
419,Gabriel Shan,pillaysai@example.com,2025-03-20,PREMIUM
420,Xavier Shetty,wakeeta38@example.org,2024-06-15,REGULAR
421,Abeer Rout,kaulhiral@example.net,2025-04-29,REGULAR
422,Gautami Agarwal,gmohanty@example.org,2023-07-22,REGULAR
423,Oni Swamy,dharati@example.org,2024-08-28,REGULAR
424,Vincent Venkatesh,dpradhan@example.net,2024-09-07,REGULAR
425,Girish Tiwari,meeraborde@example.net,2024-09-13,PREMIUM
426,Radhika De,bishakhalal@example.com,2023-08-28,PREMIUM
427,Eta Nadkarni,omagar@example.org,2025-01-18,PREMIUM
428,Laban Chopra,hiteshgala@example.com,2024-04-30,REGULAR
429,Dipta Ray,wasonishita@example.org,2024-02-19,REGULAR
430,Darika Sheth,jagdish12@example.net,2024-12-18,REGULAR
431,Banjeet Kale,manbir13@example.com,2024-10-29,VIP
432,Yochana Bawa,abha20@example.com,2024-11-15,REGULAR
433,Zaid Chandra,zchaudry@example.org,2025-03-08,REGULAR
434,Advik Bhatia,kalpithora@example.com,2024-12-30,PREMIUM
435,Frado Lad,bainsdhruv@example.org,2024-08-06,VIP
436,Kabir Chanda,jason07@example.org,2024-08-10,REGULAR
437,Rachita Rana,ybalan@example.net,2024-03-01,VIP
438,Orinder Pandya,rachitmaharaj@example.com,2024-04-24,PREMIUM
439,Manthan Banerjee,chakrikatara@example.com,2025-06-22,REGULAR
440,Darsh Chahal,leela26@example.org,2023-08-20,REGULAR
441,Anirudh Raja,varsha87@example.com,2024-10-23,PREMIUM
442,Lipika Madan,atharvnagar@example.net,2024-02-27,REGULAR
443,Ayushman Mand,sodhiishita@example.net,2025-01-13,REGULAR
444,Nathaniel Chaudhry,wrideshlata@example.net,2024-04-29,VIP
445,Theodore Rama,oscar23@example.net,2025-02-25,PREMIUM
446,Jagrati Bala,lucky93@example.com,2024-08-06,VIP
447,Parth Swaminathan,chanadaksh@example.org,2025-03-06,REGULAR
448,Anmol Vyas,vacharya@example.net,2023-12-30,REGULAR
449,Kalpit Oak,ekiyabhargava@example.org,2024-02-19,REGULAR
450,Lucky Choudhry,elijah56@example.net,2023-09-20,REGULAR
451,Gayathri Mittal,laban26@example.net,2023-09-19,VIP
452,Edhitha Ghosh,udant92@example.com,2023-08-11,REGULAR
453,Chaitaly Datta,aaravraman@example.net,2024-04-22,REGULAR
454,Qabil Nadkarni,hemangtaneja@example.org,2024-01-29,PREMIUM
455,Faras Khanna,ekaja21@example.net,2024-08-14,PREMIUM
456,Sanya Apte,shaurya31@example.com,2023-09-29,REGULAR
457,Hritik Agarwal,rajuraksha@example.net,2024-11-05,REGULAR
458,Ojas Sachdev,wradhakrishnan@example.net,2024-04-25,REGULAR
459,Harrison Srinivas,nicholasseth@example.org,2023-12-30,REGULAR
460,Chaitaly Bahri,advika11@example.com,2024-02-24,REGULAR
461,Keya Dyal,chanderhamsini@example.net,2024-11-08,REGULAR
462,Azaan Sankar,radhadugar@example.org,2024-01-26,REGULAR
463,Garima Jha,nimratzachariah@example.com,2024-09-08,REGULAR
464,Chameli Khanna,bawamaya@example.net,2025-06-04,REGULAR
465,Mitesh Bhagat,aarush61@example.com,2023-12-16,REGULAR
466,Ryan Chatterjee,jhaverionkar@example.net,2024-06-21,REGULAR
467,Finn Solanki,morarmitali@example.com,2024-03-22,REGULAR
468,Alka Chand,xgoyal@example.com,2024-08-07,PREMIUM
469,Rachit Sehgal,lallria@example.com,2023-07-26,PREMIUM
470,Upkaar Luthra,doragunbir@,2024-05-04,PREMIUM
471,Odika Karan,ramomya@example.net,2024-08-21,REGULAR
472,Warinder Soni,farhan60@example.net,2024-10-10,REGULAR
473,Jai Sen,oliverkakar@example.org,2023-06-17,REGULAR
474,Brijesh Sampath,saransaksham@example.net,2025-06-06,PREMIUM
475,Aarna Nagarajan,chahallipika@example.net,2025-05-15,REGULAR
476,Eshana Majumdar,yarora@example.net,2023-08-22,REGULAR
477,Isaiah Sachdeva,manbirchaudhry@example.org,2024-07-11,PREMIUM
478,Bhavika Wason,nirja46@example.net,2024-12-31,REGULAR
479,Urvashi Barad,anyarau@example.org,2023-10-09,REGULAR
480,Balvan Randhawa,wazir07@example.com,2024-07-17,VIP
481,Anmol Nazareth,deepa47@example.net,2024-02-27,VIP
482,Vedant Desai,saanvi54@example.net,2024-10-14,REGULAR
483,Gaurav Guha,akakar@example.net,2023-09-22,REGULAR
484,Zaitra Prakash,varmanathan@example.org,2023-09-27,PREMIUM
485,Yashawini Raval,ayushghose@example.org,2023-10-16,REGULAR
486,Dalbir Krish,shanchandresh@example.com,2024-05-26,PREMIUM
487,Anusha Pillay,ztiwari@example.net,2024-05-14,PREMIUM
488,Azaan Khurana,vrinda97@example.org,2024-10-12,REGULAR
489,Inaya Padmanabhan,aarnachana@example.com,2025-04-02,REGULAR
490,Libni Bawa,tanishkant@example.net,2024-05-07,REGULAR
491,Samuel Luthra,bvarghese@example.net,2024-01-22,REGULAR
492,Urvi Deo,abhiramkapur@example.com,2024-02-29,REGULAR
493,Anvi Sampath,dpalla@example.com,2024-05-17,REGULAR
494,Unnati Mittal,achaudry@example.net,2024-01-09,PREMIUM
495,Barkha Misra,subramaniamdevansh@example.com,2025-03-26,REGULAR
496,Ekta Malhotra,chanchal32@example.net,2024-03-25,REGULAR
497,Dakshesh Raval,logan07@example.com,2025-02-05,REGULAR
498,Omya Ravel,lbanik@example.net,2025-05-07,PREMIUM
499,Hemal Kapadia,gparmer@example.com,2024-02-05,REGULAR
500,Pratyush Memon,sinhakabir@example.net,2025-06-13,REGULAR
501,Qadim Nayak,kapadiaisha@example.org,2025-04-29,VIP
502,Osha Narula,abha94@example.com,2023-08-05,REGULAR
503,Upma Bera,sodhirobert@example.net,2023-12-10,VIP
504,Lakshmi Wagle,odika02@example.org,2024-07-12,REGULAR
505,Hema Rout,udhar@example.net,2024-03-16,REGULAR
506,Faris Sura,peter50@example.org,2025-01-22,REGULAR
507,Anusha Kadakia,nathansuri@example.org,2025-02-03,REGULAR
508,Radha Sanghvi,esanghvi@example.com,2024-02-12,PREMIUM
509,Baljiwan Walla,kashviatwal@example.com,2024-01-07,PREMIUM
510,Andrew Agrawal,upkaarpadmanabhan@example.com,2025-06-19,PREMIUM
511,Harshil Rajagopal,oliver10@example.com,2024-02-14,PREMIUM
512,Tamanna Venkatesh,radha25@example.com,2025-05-13,VIP
513,Raghav Gala,obahl@example.org,2024-11-24,REGULAR
514,Siddharth Bains,jatinperi@example.net,2024-12-02,REGULAR
515,Keya Kumer,bavahritik@example.net,2024-03-19,REGULAR
516,Chanakya D’Alia,ysawhney@example.org,2023-09-08,PREMIUM
517,Urvi Dua,adityamitra@example.com,2024-12-25,VIP
518,Zinal Madan,omyacheema@example.net,2023-08-12,REGULAR
519,Barkha Comar,tankrushilexample.net,2024-03-08,VIP
520,Adya Virk,ishitarout@example.com,2024-02-21,REGULAR
521,Balveer Taneja,vasananarayanan@example.org,2023-11-23,REGULAR
522,Agastya Chakraborty,takmanthan@example.org,2024-01-16,REGULAR
523,Harrison Kunda,tanmayiminhas@example.com,2025-01-19,PREMIUM
524,Chandresh Chaudhry,balveermannan@example.com,2024-07-13,REGULAR
525,Pooja D’Alia,bathaditya@example.org,2025-01-16,REGULAR
526,Falguni Parmar,uloyal@example.org,2023-09-28,PREMIUM
527,Hema Goswami,rattanmugdha@example.com,2025-01-19,VIP
528,Lekha Sridhar,hganesan@example.org,2024-12-12,REGULAR
529,Nathaniel Chawla,zsubramanian@example.net,2024-11-07,VIP
530,Pratyush Raghavan,ayush27@example.com,2024-09-17,PREMIUM
531,Nisha Sastry,bhatnagaradvika@example.net,2024-05-14,REGULAR
532,Advik Vohra,hamsinivenkataraman@example.net,2025-06-20,REGULAR
533,Rachita Kothari,qpal@example.net,2025-03-10,PREMIUM
534,Manthan Bhagat,dugaryashasvi@example.com,2024-08-17,REGULAR
535,Noah Borde,pnagi@example.com,2024-01-05,REGULAR
536,Chandresh Tripathi,kritikarau@example.org,2024-04-21,PREMIUM
537,Tripti Sawhney,fchakrabarti@example.com,2025-02-12,PREMIUM
538,Jagat Tank,chauhannetra@example.com,2023-07-11,PREMIUM
539,Aadi Chand,yashoda83@example.net,2024-08-04,PREMIUM
540,Harita Patla,kapoorsuhani@example.com,2024-07-05,REGULAR
541,Januja Sethi,chatterjeetristan@example.org,2025-01-13,REGULAR
542,Isha Manne,hitesh02@example.com,2024-07-03,REGULAR
543,Nimrat Chhabra,rohan31@example.com,2025-06-05,PREMIUM
544,Tanvi Halder,hritik60@example.net,2025-04-18,REGULAR
545,Shravya Shankar,wishiagrawal@example.net,2023-07-12,REGULAR
546,Rachita Subramanian,oscardave@example.org,2024-03-26,REGULAR
547,Ekanta Thaman,msahota@example.net,2023-06-22,REGULAR
548,Anusha Rao,chaitaly72@example.org,2024-12-07,PREMIUM
549,Yauvani Mistry,teerth33@example.net,2023-09-15,VIP
550,Hemani Deo,yahvinaidu@example.net,2024-06-01,REGULAR
551,Indira Srinivasan,swalla@example.com,2024-11-30,REGULAR
552,Hredhaan Bakshi,ddhillon@example.net,2025-05-04,REGULAR
553,Ryan Loke,bhavinikrishna@example.org,2025-03-10,VIP
554,Chakrika Jani,parmersneha@example.org,2024-09-15,REGULAR
555,Lopa Khanna,champak66@example.com,2024-01-10,REGULAR
556,Chatura Arya,samaksh97@example.org,2023-12-03,PREMIUM
557,Ronith Hari,saumya21@example.org,2024-05-21,PREMIUM
558,Yoshita Dar,bbaria@example.com,2024-06-23,REGULAR
559,Kalpit Dyal,abdul57@example.net,2024-07-05,PREMIUM
560,Balveer Dube,charan94@example.com,2024-01-13,REGULAR
561,Elijah Nadkarni,qarinverma@example.org,2023-12-04,REGULAR
562,Ojasvi Yadav,wchanda@example.org,2024-11-01,VIP
563,Garima Narula,chaaya39@example.net,2023-07-23,REGULAR
564,Aditya Contractor,sanaya39@example.net,2025-01-31,REGULAR
565,Balveer Nagi,ycomar@example.com,2024-03-30,REGULAR
566,Aryan Varughese,yoshita87@example.com,2024-03-27,REGULAR
567,Chaman Hans,yoshita11@example.org,2023-06-13,REGULAR
568,Dominic Kade,paninichawla@example.org,2023-12-05,REGULAR
569,Ekbal Dube,sharafgarima@example.org,2025-01-20,PREMIUM
570,Ethan Bhagat,zayanbobal@example.net,2023-09-12,REGULAR
571,Aarna Reddy,oseshadri@example.com,2025-02-21,PREMIUM
572,Diya Badal,idani@example.org,2024-11-13,PREMIUM
573,Chakradev Bora,yadavi14@example.net,2024-10-03,REGULAR
574,Gabriel Manda,zraj@example.net,2024-12-08,REGULAR
575,Urvi Dugar,labanraman@example.net,2024-01-14,PREMIUM
576,Maanas Misra,advay88@example.org,2025-04-19,VIP
577,Benjamin Ahluwalia,jyogi@example.org,2024-07-05,PREMIUM
578,Shivansh Padmanabhan,nitaravala@example.org,2024-06-02,PREMIUM
579,Qarin Kant,rishi12@example.net,2023-10-27,PREMIUM
580,Triya Bora,ekalinga41@example.org,2023-07-08,REGULAR
581,Ganga Parikh,wahabchaudhry@example.com,2023-09-05,REGULAR
582,Rishi Nadkarni,vseshadri@example.net,2024-04-06,PREMIUM
583,Michael Patla,priya20@example.com,2024-03-27,REGULAR
584,Timothy Sarin,jagvi25@example.com,2024-11-19,VIP
585,Sanaya Parmer,vidhi81@example.org,2024-07-08,REGULAR
586,Avni Dey,adyabose@example.net,2024-04-25,REGULAR
587,Anirudh Tripathi,ravelsimon@example.org,2025-02-28,REGULAR
588,Urmi Dixit,manya39@example.net,2023-08-19,PREMIUM
589,Krish Shetty,ranganathanjanuja@example.net,2024-01-25,PREMIUM
590,William Gandhi,sanayadutta@example.org,2023-10-08,REGULAR
591,Veda Parmer,kandavinaya@example.org,2023-07-03,VIP
592,Aishani Pingle,brijeshjhaveri@example.net,2024-09-20,REGULAR
593,Lipika Singh,cbatra@example.net,2025-02-04,REGULAR
594,Harshil Verma,adya98@example.net,2024-10-08,REGULAR
595,Krisha Radhakrishnan,faras84@example.com,2025-01-03,VIP
596,Zaitra Ravi,hemani77@example.net,2023-09-19,PREMIUM
597,Yachana Dewan,ogandhi@example.org,2024-05-06,REGULAR
598,Siddharth Doctor,nakulpathak@example.net,2025-01-25,REGULAR
599,Victor Sachdeva,ishaan77@example.com,2025-06-07,REGULAR
600,Neel Roy,kohlicaleb@example.org,2024-11-09,REGULAR
